Arab World,ARB,Firms using banks to finance investment (% of firms),IC.FRM.BNKS.ZS,,,,,,,,,,,,,,,,,,,,,,,,,,,,,,,,,,,,,,,,,,,,,,,,,,,,,,,,2.06090909090909E+01
Arab World,ARB,Firms using banks to finance working capital (% of firms),IC.FRM.BKWC.ZS,,,,,,,,,,,,,,,,,,,,,,,,,,,,,,,,,,,,,,,,,,,,,,,,,,,,,,,,2.22000000000000E+01
Caribbean small states,CSS,Firms using banks to finance investment (% of firms),IC.FRM.BNKS.ZS,,,,,,,,,,,,,,,,,,,,,,,,,,,,,,,,,,,,,,,,,,,,,,,,,,,,,,,,4.12615384615384E+01
Caribbean small states,CSS,Firms using banks to finance working capital (% of firms),IC.FRM.BKWC.ZS,,,,,,,,,,,,,,,,,,,,,,,,,,,,,,,,,,,,,,,,,,,,,,,,,,,,,,,,4.97230769230769E+01
Central Europe and the Baltics,CEB,Firms using banks to finance investment (% of firms),IC.FRM.BNKS.ZS,,,,,,,,,,,,,,,,,,,,,,,,,,,,,,,,,,,,,,,,,,,,,,,,,,,,,,,,2.75000000000000E+01
Central Europe and the Baltics,CEB,Firms using banks to finance working capital (% of firms),IC.FRM.BKWC.ZS,,,,,,,,,,,,,,,,,,,,,,,,,,,,,,,,,,,,,,,,,,,,,,,,,,,,,,,,3.29090909090909E+01
Early-demographic dividend,EAR,Firms using banks to finance investment (% of firms),IC.FRM.BNKS.ZS,,,,,,,,,,,,,,,,,,,,,,,,,,,,,,,,,,,,,,,,,,,,,,,,,,,,,,,,2.41025641025641E+01
Early-demographic dividend,EAR,Firms using banks to finance working capital (% of firms),IC.FRM.BKWC.ZS,,,,,,,,,,,,,,,,,,,,,,,,,,,,,,,,,,,,,,,,,,,,,,,,,,,,,,,,2.87512820512820E+01
East Asia & Pacific,EAS,Firms using banks to finance investment (% of firms),IC.FRM.BNKS.ZS,,,,,,,,,,,,,,,,,,,,,,,,,,,,,,,,,,,,,,,,,,,,,,,,,,,,,,,,1.37400000000000E+01
East Asia & Pacific,EAS,Firms using banks to finance working capital (% of firms),IC.FRM.BKWC.ZS,,,,,,,,,,,,,,,,,,,,,,,,,,,,,,,,,,,,,,,,,,,,,,,,,,,,,,,,2.07000000000000E+01
East Asia & Pacific (excluding high income),EAP,Firms using banks to finance investment (% of firms),IC.FRM.BNKS.ZS,,,,,,,,,,,,,,,,,,,,,,,,,,,,,,,,,,,,,,,,,,,,,,,,,,,,,,,,1.37400000000000E+01
East Asia & Pacific (excluding high income),EAP,Firms using banks to finance working capital (% of firms),IC.FRM.BKWC.ZS,,,,,,,,,,,,,,,,,,,,,,,,,,,,,,,,,,,,,,,,,,,,,,,,,,,,,,,,2.07000000000000E+01
East Asia & Pacific (IDA & IBRD countries),TEA,Firms using banks to finance investment (% of firms),IC.FRM.BNKS.ZS,,,,,,,,,,,,,,,,,,,,,,,,,,,,,,,,,,,,,,,,,,,,,,,,,,,,,,,,1.37400000000000E+01
East Asia & Pacific (IDA & IBRD countries),TEA,Firms using banks to finance working capital (% of firms),IC.FRM.BKWC.ZS,,,,,,,,,,,,,,,,,,,,,,,,,,,,,,,,,,,,,,,,,,,,,,,,,,,,,,,,2.07000000000000E+01
Euro area,EMU,Firms using banks to finance investment (% of firms),IC.FRM.BNKS.ZS,,,,,,,,,,,,,,,,,,,,,,,,,,,,,,,,,,,,,,,,,,,,,,,,,,,,,,,,2.72800000000000E+01
Euro area,EMU,Firms using banks to finance working capital (% of firms),IC.FRM.BKWC.ZS,,,,,,,,,,,,,,,,,,,,,,,,,,,,,,,,,,,,,,,,,,,,,,,,,,,,,,,,2.73200000000000E+01
Europe & Central Asia,ECS,Firms using banks to finance investment (% of firms),IC.FRM.BNKS.ZS,,,,,,,,,,,,,,,,,,,,,,,,,,,,,,,,,,,,,,,,,,,,,,,,,,,,,,,,2.47166666666667E+01
Europe & Central Asia,ECS,Firms using banks to finance working capital (% of firms),IC.FRM.BKWC.ZS,,,,,,,,,,,,,,,,,,,,,,,,,,,,,,,,,,,,,,,,,,,,,,,,,,,,,,,,3.08400000000000E+01
Europe & Central Asia (excluding high income),ECA,Firms using banks to finance investment (% of firms),IC.FRM.BNKS.ZS,,,,,,,,,,,,,,,,,,,,,,,,,,,,,,,,,,,,,,,,,,,,,,,,,,,,,,,,2.36300000000000E+01
Europe & Central Asia (excluding high income),ECA,Firms using banks to finance working capital (% of firms),IC.FRM.BKWC.ZS,,,,,,,,,,,,,,,,,,,,,,,,,,,,,,,,,,,,,,,,,,,,,,,,,,,,,,,,3.10100000000000E+01
Europe & Central Asia (IDA & IBRD countries),TEC,Firms using banks to finance investment (% of firms),IC.FRM.BNKS.ZS,,,,,,,,,,,,,,,,,,,,,,,,,,,,,,,,,,,,,,,,,,,,,,,,,,,,,,,,2.41045454545455E+01
Europe & Central Asia (IDA & IBRD countries),TEC,Firms using banks to finance working capital (% of firms),IC.FRM.BKWC.ZS,,,,,,,,,,,,,,,,,,,,,,,,,,,,,,,,,,,,,,,,,,,,,,,,,,,,,,,,3.14181818181818E+01
European Union,EUU,Firms using banks to finance investment (% of firms),IC.FRM.BNKS.ZS,,,,,,,,,,,,,,,,,,,,,,,,,,,,,,,,,,,,,,,,,,,,,,,,,,,,,,,,2.67000000000000E+01
European Union,EUU,Firms using banks to finance working capital (% of firms),IC.FRM.BKWC.ZS,,,,,,,,,,,,,,,,,,,,,,,,,,,,,,,,,,,,,,,,,,,,,,,,,,,,,,,,3.23833333333333E+01
Fragile and conflict affected situations,FCS,Firms using banks to finance investment (% of firms),IC.FRM.BNKS.ZS,,,,,,,,,,,,,,,,,,,,,,,,,,,,,,,,,,,,,,,,,,,,,,,,,,,,,,,,1.63625000000000E+01
Fragile and conflict affected situations,FCS,Firms using banks to finance working capital (% of firms),IC.FRM.BKWC.ZS,,,,,,,,,,,,,,,,,,,,,,,,,,,,,,,,,,,,,,,,,,,,,,,,,,,,,,,,1.90187500000000E+01
Heavily indebted poor countries (HIPC),HPC,Firms using banks to finance investment (% of firms),IC.FRM.BNKS.ZS,,,,,,,,,,,,,,,,,,,,,,,,,,,,,,,,,,,,,,,,,,,,,,,,,,,,,,,,1.86500000000000E+01
Heavily indebted poor countries (HIPC),HPC,Firms using banks to finance working capital (% of firms),IC.FRM.BKWC.ZS,,,,,,,,,,,,,,,,,,,,,,,,,,,,,,,,,,,,,,,,,,,,,,,,,,,,,,,,2.46250000000000E+01
High income,HIC,Firms using banks to finance investment (% of firms),IC.FRM.BNKS.ZS,,,,,,,,,,,,,,,,,,,,,,,,,,,,,,,,,,,,,,,,,,,,,,,,,,,,,,,,3.14666666666667E+01
High income,HIC,Firms using banks to finance working capital (% of firms),IC.FRM.BKWC.ZS,,,,,,,,,,,,,,,,,,,,,,,,,,,,,,,,,,,,,,,,,,,,,,,,,,,,,,,,3.61166666666667E+01
IBRD only,IBD,Firms using banks to finance investment (% of firms),IC.FRM.BNKS.ZS,,,,,,,,,,,,,,,,,,,,,,,,,,,,,,,,,,,,,,,,,,,,,,,,,,,,,,,,2.84333333333333E+01
IBRD only,IBD,Firms using banks to finance working capital (% of firms),IC.FRM.BKWC.ZS,,,,,,,,,,,,,,,,,,,,,,,,,,,,,,,,,,,,,,,,,,,,,,,,,,,,,,,,3.56270833333333E+01
IDA & IBRD total,IBT,Firms using banks to finance investment (% of firms),IC.FRM.BNKS.ZS,,,,,,,,,,,,,,,,,,,,,,,,,,,,,,,,,,,,,,,,,,,,,,,,,,,,,,,,2.50184782608696E+01
IDA & IBRD total,IBT,Firms using banks to finance working capital (% of firms),IC.FRM.BKWC.ZS,,,,,,,,,,,,,,,,,,,,,,,,,,,,,,,,,,,,,,,,,,,,,,,,,,,,,,,,3.10195652173913E+01
IDA blend,IDB,Firms using banks to finance investment (% of firms),IC.FRM.BNKS.ZS,,,,,,,,,,,,,,,,,,,,,,,,,,,,,,,,,,,,,,,,,,,,,,,,,,,,,,,,2.91416666666667E+01
IDA blend,IDB,Firms using banks to finance working capital (% of firms),IC.FRM.BKWC.ZS,,,,,,,,,,,,,,,,,,,,,,,,,,,,,,,,,,,,,,,,,,,,,,,,,,,,,,,,3.28000000000000E+01
IDA only,IDX,Firms using banks to finance investment (% of firms),IC.FRM.BNKS.ZS,,,,,,,,,,,,,,,,,,,,,,,,,,,,,,,,,,,,,,,,,,,,,,,,,,,,,,,,1.83500000000000E+01
IDA only,IDX,Firms using banks to finance working capital (% of firms),IC.FRM.BKWC.ZS,,,,,,,,,,,,,,,,,,,,,,,,,,,,,,,,,,,,,,,,,,,,,,,,,,,,,,,,2.34406250000000E+01
IDA total,IDA,Firms using banks to finance investment (% of firms),IC.FRM.BNKS.ZS,,,,,,,,,,,,,,,,,,,,,,,,,,,,,,,,,,,,,,,,,,,,,,,,,,,,,,,,2.12931818181818E+01
IDA total,IDA,Firms using banks to finance working capital (% of firms),IC.FRM.BKWC.ZS,,,,,,,,,,,,,,,,,,,,,,,,,,,,,,,,,,,,,,,,,,,,,,,,,,,,,,,,2.59931818181818E+01
Late-demographic dividend,LTE,Firms using banks to finance investment (% of firms),IC.FRM.BNKS.ZS,,,,,,,,,,,,,,,,,,,,,,,,,,,,,,,,,,,,,,,,,,,,,,,,,,,,,,,,2.82312500000000E+01
Late-demographic dividend,LTE,Firms using banks to finance working capital (% of firms),IC.FRM.BKWC.ZS,,,,,,,,,,,,,,,,,,,,,,,,,,,,,,,,,,,,,,,,,,,,,,,,,,,,,,,,3.65625000000000E+01
Latin America & Caribbean,LCN,Firms using banks to finance investment (% of firms),IC.FRM.BNKS.ZS,,,,,,,,,,,,,,,,,,,,,,,,,,,,,,,,,,,,,,,,,,,,,,,,,,,,,,,,3.30733333333333E+01
Latin America & Caribbean,LCN,Firms using banks to finance working capital (% of firms),IC.FRM.BKWC.ZS,,,,,,,,,,,,,,,,,,,,,,,,,,,,,,,,,,,,,,,,,,,,,,,,,,,,,,,,4.23766666666667E+01
Latin America & Caribbean (excluding high income),LAC,Firms using banks to finance investment (% of firms),IC.FRM.BNKS.ZS,,,,,,,,,,,,,,,,,,,,,,,,,,,,,,,,,,,,,,,,,,,,,,,,,,,,,,,,3.23090909090909E+01
Latin America & Caribbean (excluding high income),LAC,Firms using banks to finance working capital (% of firms),IC.FRM.BKWC.ZS,,,,,,,,,,,,,,,,,,,,,,,,,,,,,,,,,,,,,,,,,,,,,,,,,,,,,,,,4.21454545454546E+01
Latin America & the Caribbean (IDA & IBRD countries),TLA,Firms using banks to finance investment (% of firms),IC.FRM.BNKS.ZS,,,,,,,,,,,,,,,,,,,,,,,,,,,,,,,,,,,,,,,,,,,,,,,,,,,,,,,,3.32892857142857E+01
Latin America & the Caribbean (IDA & IBRD countries),TLA,Firms using banks to finance working capital (% of firms),IC.FRM.BKWC.ZS,,,,,,,,,,,,,,,,,,,,,,,,,,,,,,,,,,,,,,,,,,,,,,,,,,,,,,,,4.30035714285714E+01
Least developed countries: UN classification,LDC,Firms using banks to finance investment (% of firms),IC.FRM.BNKS.ZS,,,,,,,,,,,,,,,,,,,,,,,,,,,,,,,,,,,,,,,,,,,,,,,,,,,,,,,,1.60040000000000E+01
Least developed countries: UN classification,LDC,Firms using banks to finance working capital (% of firms),IC.FRM.BKWC.ZS,,,,,,,,,,,,,,,,,,,,,,,,,,,,,,,,,,,,,,,,,,,,,,,,,,,,,,,,1.98080000000000E+01
Low & middle income,LMY,Firms using banks to finance investment (% of firms),IC.FRM.BNKS.ZS,,,,,,,,,,,,,,,,,,,,,,,,,,,,,,,,,,,,,,,,,,,,,,,,,,,,,,,,2.39129411764706E+01
Low & middle income,LMY,Firms using banks to finance working capital (% of firms),IC.FRM.BKWC.ZS,,,,,,,,,,,,,,,,,,,,,,,,,,,,,,,,,,,,,,,,,,,,,,,,,,,,,,,,2.96129411764706E+01
Low income,LIC,Firms using banks to finance investment (% of firms),IC.FRM.BNKS.ZS,,,,,,,,,,,,,,,,,,,,,,,,,,,,,,,,,,,,,,,,,,,,,,,,,,,,,,,,1.71333333333333E+01
Low income,LIC,Firms using banks to finance working capital (% of firms),IC.FRM.BKWC.ZS,,,,,,,,,,,,,,,,,,,,,,,,,,,,,,,,,,,,,,,,,,,,,,,,,,,,,,,,2.09333333333333E+01
Lower middle income,LMC,Firms using banks to finance investment (% of firms),IC.FRM.BNKS.ZS,,,,,,,,,,,,,,,,,,,,,,,,,,,,,,,,,,,,,,,,,,,,,,,,,,,,,,,,2.02060606060606E+01
Lower middle income,LMC,Firms using banks to finance working capital (% of firms),IC.FRM.BKWC.ZS,,,,,,,,,,,,,,,,,,,,,,,,,,,,,,,,,,,,,,,,,,,,,,,,,,,,,,,,2.58454545454546E+01
Middle East & North Africa,MEA,Firms using banks to finance investment (% of firms),IC.FRM.BNKS.ZS,,,,,,,,,,,,,,,,,,,,,,,,,,,,,,,,,,,,,,,,,,,,,,,,,,,,,,,,2.53600000000000E+01
Middle East & North Africa,MEA,Firms using banks to finance working capital (% of firms),IC.FRM.BKWC.ZS,,,,,,,,,,,,,,,,,,,,,,,,,,,,,,,,,,,,,,,,,,,,,,,,,,,,,,,,2.46500000000000E+01
Middle East & North Africa (excluding high income),MNA,Firms using banks to finance investment (% of firms),IC.FRM.BNKS.ZS,,,,,,,,,,,,,,,,,,,,,,,,,,,,,,,,,,,,,,,,,,,,,,,,,,,,,,,,2.30222222222222E+01
Middle East & North Africa (excluding high income),MNA,Firms using banks to finance working capital (% of firms),IC.FRM.BKWC.ZS,,,,,,,,,,,,,,,,,,,,,,,,,,,,,,,,,,,,,,,,,,,,,,,,,,,,,,,,2.35777777777778E+01
Middle East & North Africa (IDA & IBRD countries),TMN,Firms using banks to finance investment (% of firms),IC.FRM.BNKS.ZS,,,,,,,,,,,,,,,,,,,,,,,,,,,,,,,,,,,,,,,,,,,,,,,,,,,,,,,,2.46625000000000E+01
Middle East & North Africa (IDA & IBRD countries),TMN,Firms using banks to finance working capital (% of firms),IC.FRM.BKWC.ZS,,,,,,,,,,,,,,,,,,,,,,,,,,,,,,,,,,,,,,,,,,,,,,,,,,,,,,,,2.51250000000000E+01
Middle income,MIC,Firms using banks to finance investment (% of firms),IC.FRM.BNKS.ZS,,,,,,,,,,,,,,,,,,,,,,,,,,,,,,,,,,,,,,,,,,,,,,,,,,,,,,,,2.53657142857143E+01
Middle income,MIC,Firms using banks to finance working capital (% of firms),IC.FRM.BKWC.ZS,,,,,,,,,,,,,,,,,,,,,,,,,,,,,,,,,,,,,,,,,,,,,,,,,,,,,,,,3.14728571428571E+01
North America,NAC,Firms using banks to finance investment (% of firms),IC.FRM.BNKS.ZS,,,,,,,,,,,,,,,,,,,,,,,,,,,,,,,,,,,,,,,,,,,,,,,,,,,,,,,,
North America,NAC,Firms using banks to finance working capital (% of firms),IC.FRM.BKWC.ZS,,,,,,,,,,,,,,,,,,,,,,,,,,,,,,,,,,,,,,,,,,,,,,,,,,,,,,,,
Not classified,INX,Firms using banks to finance investment (% of firms),IC.FRM.BNKS.ZS,,,,,,,,,,,,,,,,,,,,,,,,,,,,,,,,,,,,,,,,,,,,,,,,,,,,,,,,
Not classified,INX,Firms using banks to finance working capital (% of firms),IC.FRM.BKWC.ZS,,,,,,,,,,,,,,,,,,,,,,,,,,,,,,,,,,,,,,,,,,,,,,,,,,,,,,,,
OECD members,OED,Firms using banks to finance investment (% of firms),IC.FRM.BNKS.ZS,,,,,,,,,,,,,,,,,,,,,,,,,,,,,,,,,,,,,,,,,,,,,,,,,,,,,,,,3.25090909090909E+01
OECD members,OED,Firms using banks to finance working capital (% of firms),IC.FRM.BKWC.ZS,,,,,,,,,,,,,,,,,,,,,,,,,,,,,,,,,,,,,,,,,,,,,,,,,,,,,,,,3.53454545454545E+01
Other small states,OSS,Firms using banks to finance investment (% of firms),IC.FRM.BNKS.ZS,,,,,,,,,,,,,,,,,,,,,,,,,,,,,,,,,,,,,,,,,,,,,,,,,,,,,,,,3.08333333333333E+01
Other small states,OSS,Firms using banks to finance working capital (% of firms),IC.FRM.BKWC.ZS,,,,,,,,,,,,,,,,,,,,,,,,,,,,,,,,,,,,,,,,,,,,,,,,,,,,,,,,2.97666666666667E+01
Pacific island small states,PSS,Firms using banks to finance investment (% of firms),IC.FRM.BNKS.ZS,,,,,,,,,,,,,,,,,,,,,,,,,,,,,,,,,,,,,,,,,,,,,,,,,,,,,,,,
Pacific island small states,PSS,Firms using banks to finance working capital (% of firms),IC.FRM.BKWC.ZS,,,,,,,,,,,,,,,,,,,,,,,,,,,,,,,,,,,,,,,,,,,,,,,,,,,,,,,,
Post-demographic dividend,PST,Firms using banks to finance investment (% of firms),IC.FRM.BNKS.ZS,,,,,,,,,,,,,,,,,,,,,,,,,,,,,,,,,,,,,,,,,,,,,,,,,,,,,,,,3.11833333333333E+01
Post-demographic dividend,PST,Firms using banks to finance working capital (% of firms),IC.FRM.BKWC.ZS,,,,,,,,,,,,,,,,,,,,,,,,,,,,,,,,,,,,,,,,,,,,,,,,,,,,,,,,3.48416666666667E+01
Pre-demographic dividend,PRE,Firms using banks to finance investment (% of firms),IC.FRM.BNKS.ZS,,,,,,,,,,,,,,,,,,,,,,,,,,,,,,,,,,,,,,,,,,,,,,,,,,,,,,,,1.60166666666667E+01
Pre-demographic dividend,PRE,Firms using banks to finance working capital (% of firms),IC.FRM.BKWC.ZS,,,,,,,,,,,,,,,,,,,,,,,,,,,,,,,,,,,,,,,,,,,,,,,,,,,,,,,,1.91722222222222E+01
Small states,SST,Firms using banks to finance investment (% of firms),IC.FRM.BNKS.ZS,,,,,,,,,,,,,,,,,,,,,,,,,,,,,,,,,,,,,,,,,,,,,,,,,,,,,,,,3.79684210526316E+01
Small states,SST,Firms using banks to finance working capital (% of firms),IC.FRM.BKWC.ZS,,,,,,,,,,,,,,,,,,,,,,,,,,,,,,,,,,,,,,,,,,,,,,,,,,,,,,,,4.34210526315789E+01
South Asia,SAS,Firms using banks to finance investment (% of firms),IC.FRM.BNKS.ZS,,,,,,,,,,,,,,,,,,,,,,,,,,,,,,,,,,,,,,,,,,,,,,,,,,,,,,,,2.18571428571429E+01
South Asia,SAS,Firms using banks to finance working capital (% of firms),IC.FRM.BKWC.ZS,,,,,,,,,,,,,,,,,,,,,,,,,,,,,,,,,,,,,,,,,,,,,,,,,,,,,,,,2.50142857142857E+01
South Asia (IDA & IBRD),TSA,Firms using banks to finance investment (% of firms),IC.FRM.BNKS.ZS,,,,,,,,,,,,,,,,,,,,,,,,,,,,,,,,,,,,,,,,,,,,,,,,,,,,,,,,2.18571428571429E+01
South Asia (IDA & IBRD),TSA,Firms using banks to finance working capital (% of firms),IC.FRM.BKWC.ZS,,,,,,,,,,,,,,,,,,,,,,,,,,,,,,,,,,,,,,,,,,,,,,,,,,,,,,,,2.50142857142857E+01
Sub-Saharan Africa,SSF,Firms using banks to finance investment (% of firms),IC.FRM.BNKS.ZS,,,,,,,,,,,,,,,,,,,,,,,,,,,,,,,,,,,,,,,,,,,,,,,,,,,,,,,,1.91045454545455E+01
Sub-Saharan Africa,SSF,Firms using banks to finance working capital (% of firms),IC.FRM.BKWC.ZS,,,,,,,,,,,,,,,,,,,,,,,,,,,,,,,,,,,,,,,,,,,,,,,,,,,,,,,,2.17681818181818E+01
Sub-Saharan Africa (excluding high income),SSA,Firms using banks to finance investment (% of firms),IC.FRM.BNKS.ZS,,,,,,,,,,,,,,,,,,,,,,,,,,,,,,,,,,,,,,,,,,,,,,,,,,,,,,,,1.91045454545455E+01
Sub-Saharan Africa (excluding high income),SSA,Firms using banks to finance working capital (% of firms),IC.FRM.BKWC.ZS,,,,,,,,,,,,,,,,,,,,,,,,,,,,,,,,,,,,,,,,,,,,,,,,,,,,,,,,2.17681818181818E+01
Sub-Saharan Africa (IDA & IBRD countries),TSS,Firms using banks to finance investment (% of firms),IC.FRM.BNKS.ZS,,,,,,,,,,,,,,,,,,,,,,,,,,,,,,,,,,,,,,,,,,,,,,,,,,,,,,,,1.91045454545455E+01
Sub-Saharan Africa (IDA & IBRD countries),TSS,Firms using banks to finance working capital (% of firms),IC.FRM.BKWC.ZS,,,,,,,,,,,,,,,,,,,,,,,,,,,,,,,,,,,,,,,,,,,,,,,,,,,,,,,,2.17681818181818E+01
Upper middle income,UMC,Firms using banks to finance investment (% of firms),IC.FRM.BNKS.ZS,,,,,,,,,,,,,,,,,,,,,,,,,,,,,,,,,,,,,,,,,,,,,,,,,,,,,,,,2.99675675675676E+01
Upper middle income,UMC,Firms using banks to finance working capital (% of firms),IC.FRM.BKWC.ZS,,,,,,,,,,,,,,,,,,,,,,,,,,,,,,,,,,,,,,,,,,,,,,,,,,,,,,,,3.64918918918919E+01
World,WLD,Firms using banks to finance investment (% of firms),IC.FRM.BNKS.ZS,,,,,,,,,,,,,,,,,,,,,,,,,,,,,,,,,,,,,,,,,,,,,,,,,,,,,,,,2.52817307692308E+01
World,WLD,Firms using banks to finance working capital (% of firms),IC.FRM.BKWC.ZS,,,,,,,,,,,,,,,,,,,,,,,,,,,,,,,,,,,,,,,,,,,,,,,,,,,,,,,,3.07740384615384E+01
Afghanistan,AFG,Firms using banks to finance investment (% of firms),IC.FRM.BNKS.ZS,,,,,,,,,,,,,,,,,,,,,,,,,,,,,,,,,,,,,,,,,,,,,,,,,1.40000000000000E+00,,,,,,2.00000000000000E+00,
Afghanistan,AFG,Firms using banks to finance working capital (% of firms),IC.FRM.BKWC.ZS,,,,,,,,,,,,,,,,,,,,,,,,,,,,,,,,,,,,,,,,,,,,,,,,,2.50000000000000E+00,,,,,,3.90000000000000E+00,
Albania,ALB,Firms using banks to finance investment (% of firms),IC.FRM.BNKS.ZS,,,,,,,,,,,,,,,,,,,,,,,,,,,,,,,,,,,,,,,,,,,,,,3.70000000000000E+01,,1.24000000000000E+01,,,,,,1.12000000000000E+01,,
Albania,ALB,Firms using banks to finance working capital (% of firms),IC.FRM.BKWC.ZS,,,,,,,,,,,,,,,,,,,,,,,,,,,,,,,,,,,,,,,,,,,,,,2.84000000000000E+01,,3.33000000000000E+01,,,,,,2.31000000000000E+01,,
Algeria,DZA,Firms using banks to finance investment (% of firms),IC.FRM.BNKS.ZS,,,,,,,,,,,,,,,,,,,,,,,,,,,,,,,,,,,,,,,,,,,,,,,,8.90000000000000E+00,,,,,,,,
Algeria,DZA,Firms using banks to finance working capital (% of firms),IC.FRM.BKWC.ZS,,,,,,,,,,,,,,,,,,,,,,,,,,,,,,,,,,,,,,,,,,,,,,,,2.86000000000000E+01,,,,,,,,
American Samoa,ASM,Firms using banks to finance investment (% of firms),IC.FRM.BNKS.ZS,,,,,,,,,,,,,,,,,,,,,,,,,,,,,,,,,,,,,,,,,,,,,,,,,,,,,,,,
American Samoa,ASM,Firms using banks to finance working capital (% of firms),IC.FRM.BKWC.ZS,,,,,,,,,,,,,,,,,,,,,,,,,,,,,,,,,,,,,,,,,,,,,,,,,,,,,,,,
Andorra,ADO,Firms using banks to finance investment (% of firms),IC.FRM.BNKS.ZS,,,,,,,,,,,,,,,,,,,,,,,,,,,,,,,,,,,,,,,,,,,,,,,,,,,,,,,,
Andorra,ADO,Firms using banks to finance working capital (% of firms),IC.FRM.BKWC.ZS,,,,,,,,,,,,,,,,,,,,,,,,,,,,,,,,,,,,,,,,,,,,,,,,,,,,,,,,
Angola,AGO,Firms using banks to finance investment (% of firms),IC.FRM.BNKS.ZS,,,,,,,,,,,,,,,,,,,,,,,,,,,,,,,,,,,,,,,,,,,,,,,2.10000000000000E+00,,,,1.31000000000000E+01,,,,,
Angola,AGO,Firms using banks to finance working capital (% of firms),IC.FRM.BKWC.ZS,,,,,,,,,,,,,,,,,,,,,,,,,,,,,,,,,,,,,,,,,,,,,,,2.30000000000000E+00,,,,1.34000000000000E+01,,,,,
Antigua and Barbuda,ATG,Firms using banks to finance investment (% of firms),IC.FRM.BNKS.ZS,,,,,,,,,,,,,,,,,,,,,,,,,,,,,,,,,,,,,,,,,,,,,,,,,,,4.94000000000000E+01,,,,,
Antigua and Barbuda,ATG,Firms using banks to finance working capital (% of firms),IC.FRM.BKWC.ZS,,,,,,,,,,,,,,,,,,,,,,,,,,,,,,,,,,,,,,,,,,,,,,,,,,,4.63000000000000E+01,,,,,
Argentina,ARG,Firms using banks to finance investment (% of firms),IC.FRM.BNKS.ZS,,,,,,,,,,,,,,,,,,,,,,,,,,,,,,,,,,,,,,,,,,,,,,,6.90000000000000E+00,,,,3.03000000000000E+01,,,,,
Argentina,ARG,Firms using banks to finance working capital (% of firms),IC.FRM.BKWC.ZS,,,,,,,,,,,,,,,,,,,,,,,,,,,,,,,,,,,,,,,,,,,,,,,2.87000000000000E+01,,,,3.33000000000000E+01,,,,,
Armenia,ARM,Firms using banks to finance investment (% of firms),IC.FRM.BNKS.ZS,,,,,,,,,,,,,,,,,,,,,,,,,,,,,,,,,,,,,,,,,,,5.60000000000000E+00,,,4.46000000000000E+01,,,,3.19000000000000E+01,,,,1.74000000000000E+01,,
Armenia,ARM,Firms using banks to finance working capital (% of firms),IC.FRM.BKWC.ZS,,,,,,,,,,,,,,,,,,,,,,,,,,,,,,,,,,,,,,,,,,,1.09000000000000E+01,,,4.63000000000000E+01,,,,,,,,3.92000000000000E+01,,
Aruba,ABW,Firms using banks to finance investment (% of firms),IC.FRM.BNKS.ZS,,,,,,,,,,,,,,,,,,,,,,,,,,,,,,,,,,,,,,,,,,,,,,,,,,,,,,,,
Aruba,ABW,Firms using banks to finance working capital (% of firms),IC.FRM.BKWC.ZS,,,,,,,,,,,,,,,,,,,,,,,,,,,,,,,,,,,,,,,,,,,,,,,,,,,,,,,,
Australia,AUS,Firms using banks to finance investment (% of firms),IC.FRM.BNKS.ZS,,,,,,,,,,,,,,,,,,,,,,,,,,,,,,,,,,,,,,,,,,,,,,,,,,,,,,,,
Australia,AUS,Firms using banks to finance working capital (% of firms),IC.FRM.BKWC.ZS,,,,,,,,,,,,,,,,,,,,,,,,,,,,,,,,,,,,,,,,,,,,,,,,,,,,,,,,
Austria,AUT,Firms using banks to finance investment (% of firms),IC.FRM.BNKS.ZS,,,,,,,,,,,,,,,,,,,,,,,,,,,,,,,,,,,,,,,,,,,,,,,,,,,,,,,,
Austria,AUT,Firms using banks to finance working capital (% of firms),IC.FRM.BKWC.ZS,,,,,,,,,,,,,,,,,,,,,,,,,,,,,,,,,,,,,,,,,,,,,,,,,,,,,,,,
Azerbaijan,AZE,Firms using banks to finance investment (% of firms),IC.FRM.BNKS.ZS,,,,,,,,,,,,,,,,,,,,,,,,,,,,,,,,,,,,,,,,,,,3.90000000000000E+00,,,4.00000000000000E-01,,,,1.90000000000000E+01,,,,2.71000000000000E+01,,
Azerbaijan,AZE,Firms using banks to finance working capital (% of firms),IC.FRM.BKWC.ZS,,,,,,,,,,,,,,,,,,,,,,,,,,,,,,,,,,,,,,,,,,,4.10000000000000E+00,,,4.00000000000000E-01,,,,,,,,1.76000000000000E+01,,
Bahrain,BHR,Firms using banks to finance investment (% of firms),IC.FRM.BNKS.ZS,,,,,,,,,,,,,,,,,,,,,,,,,,,,,,,,,,,,,,,,,,,,,,,,,,,,,,,,
Bahrain,BHR,Firms using banks to finance working capital (% of firms),IC.FRM.BKWC.ZS,,,,,,,,,,,,,,,,,,,,,,,,,,,,,,,,,,,,,,,,,,,,,,,,,,,,,,,,
Bangladesh,BGD,Firms using banks to finance investment (% of firms),IC.FRM.BNKS.ZS,,,,,,,,,,,,,,,,,,,,,,,,,,,,,,,,,,,,,,,,,,,,,,,,2.47000000000000E+01,,,,,,1.98000000000000E+01,,
Bangladesh,BGD,Firms using banks to finance working capital (% of firms),IC.FRM.BKWC.ZS,,,,,,,,,,,,,,,,,,,,,,,,,,,,,,,,,,,,,,,,,,,,,,,,4.31000000000000E+01,,,,,,2.99000000000000E+01,,
Barbados,BRB,Firms using banks to finance investment (% of firms),IC.FRM.BNKS.ZS,,,,,,,,,,,,,,,,,,,,,,,,,,,,,,,,,,,,,,,,,,,,,,,,,,,4.55000000000000E+01,,,,,
Barbados,BRB,Firms using banks to finance working capital (% of firms),IC.FRM.BKWC.ZS,,,,,,,,,,,,,,,,,,,,,,,,,,,,,,,,,,,,,,,,,,,,,,,,,,,3.87000000000000E+01,,,,,
Belarus,BLR,Firms using banks to finance investment (% of firms),IC.FRM.BNKS.ZS,,,,,,,,,,,,,,,,,,,,,,,,,,,,,,,,,,,,,,,,,,,1.10000000000000E+01,,,1.89000000000000E+01,,,3.58000000000000E+01,,,,,2.73000000000000E+01,,
Belarus,BLR,Firms using banks to finance working capital (% of firms),IC.FRM.BKWC.ZS,,,,,,,,,,,,,,,,,,,,,,,,,,,,,,,,,,,,,,,,,,,1.03000000000000E+01,,,2.15000000000000E+01,,,,,,,,3.19000000000000E+01,,
Belgium,BEL,Firms using banks to finance investment (% of firms),IC.FRM.BNKS.ZS,,,,,,,,,,,,,,,,,,,,,,,,,,,,,,,,,,,,,,,,,,,,,,,,,,,,,,,,
Belgium,BEL,Firms using banks to finance working capital (% of firms),IC.FRM.BKWC.ZS,,,,,,,,,,,,,,,,,,,,,,,,,,,,,,,,,,,,,,,,,,,,,,,,,,,,,,,,
Belize,BLZ,Firms using banks to finance investment (% of firms),IC.FRM.BNKS.ZS,,,,,,,,,,,,,,,,,,,,,,,,,,,,,,,,,,,,,,,,,,,,,,,,,,,3.67000000000000E+01,,,,,
Belize,BLZ,Firms using banks to finance working capital (% of firms),IC.FRM.BKWC.ZS,,,,,,,,,,,,,,,,,,,,,,,,,,,,,,,,,,,,,,,,,,,,,,,,,,,5.70000000000000E+01,,,,,
Benin,BEN,Firms using banks to finance investment (% of firms),IC.FRM.BNKS.ZS,,,,,,,,,,,,,,,,,,,,,,,,,,,,,,,,,,,,,,,,,,,,,,,,,,3.80000000000000E+00,,,,,,
Benin,BEN,Firms using banks to finance working capital (% of firms),IC.FRM.BKWC.ZS,,,,,,,,,,,,,,,,,,,,,,,,,,,,,,,,,,,,,,,,,,,,,,,,,,3.94000000000000E+01,,,,,,
Bermuda,BMU,Firms using banks to finance investment (% of firms),IC.FRM.BNKS.ZS,,,,,,,,,,,,,,,,,,,,,,,,,,,,,,,,,,,,,,,,,,,,,,,,,,,,,,,,
Bermuda,BMU,Firms using banks to finance working capital (% of firms),IC.FRM.BKWC.ZS,,,,,,,,,,,,,,,,,,,,,,,,,,,,,,,,,,,,,,,,,,,,,,,,,,,,,,,,
Bhutan,BTN,Firms using banks to finance investment (% of firms),IC.FRM.BNKS.ZS,,,,,,,,,,,,,,,,,,,,,,,,,,,,,,,,,,,,,,,,,,,,,,,,,,6.42000000000000E+01,,,,,,3.22000000000000E+01
Bhutan,BTN,Firms using banks to finance working capital (% of firms),IC.FRM.BKWC.ZS,,,,,,,,,,,,,,,,,,,,,,,,,,,,,,,,,,,,,,,,,,,,,,,,,,5.94000000000000E+01,,,,,,4.20000000000000E+01
Bolivia,BOL,Firms using banks to finance investment (% of firms),IC.FRM.BNKS.ZS,,,,,,,,,,,,,,,,,,,,,,,,,,,,,,,,,,,,,,,,,,,,,,,2.22000000000000E+01,,,,2.78000000000000E+01,,,,,
Bolivia,BOL,Firms using banks to finance working capital (% of firms),IC.FRM.BKWC.ZS,,,,,,,,,,,,,,,,,,,,,,,,,,,,,,,,,,,,,,,,,,,,,,,3.94000000000000E+01,,,,4.05000000000000E+01,,,,,
Bosnia and Herzegovina,BIH,Firms using banks to finance investment (% of firms),IC.FRM.BNKS.ZS,,,,,,,,,,,,,,,,,,,,,,,,,,,,,,,,,,,,,,,,,,,2.47000000000000E+01,,,3.81000000000000E+01,,,,5.97000000000000E+01,,,,3.80000000000000E+01,,
Bosnia and Herzegovina,BIH,Firms using banks to finance working capital (% of firms),IC.FRM.BKWC.ZS,,,,,,,,,,,,,,,,,,,,,,,,,,,,,,,,,,,,,,,,,,,2.07000000000000E+01,,,4.54000000000000E+01,,,,,,,,4.67000000000000E+01,,
Botswana,BWA,Firms using banks to finance investment (% of firms),IC.FRM.BNKS.ZS,,,,,,,,,,,,,,,,,,,,,,,,,,,,,,,,,,,,,,,,,,,,,,,1.13000000000000E+01,,,,3.27000000000000E+01,,,,,
Botswana,BWA,Firms using banks to finance working capital (% of firms),IC.FRM.BKWC.ZS,,,,,,,,,,,,,,,,,,,,,,,,,,,,,,,,,,,,,,,,,,,,,,,1.59000000000000E+01,,,,3.21000000000000E+01,,,,,
Brazil,BRA,Firms using banks to finance investment (% of firms),IC.FRM.BNKS.ZS,,,,,,,,,,,,,,,,,,,,,,,,,,,,,,,,,,,,,,,,,,,,,,,,,,4.37000000000000E+01,,,,,,
Brazil,BRA,Firms using banks to finance working capital (% of firms),IC.FRM.BKWC.ZS,,,,,,,,,,,,,,,,,,,,,,,,,,,,,,,,,,,,,,,,,,,,,,,,,,5.23000000000000E+01,,,,,,
British Virgin Islands,VGB,Firms using banks to finance investment (% of firms),IC.FRM.BNKS.ZS,,,,,,,,,,,,,,,,,,,,,,,,,,,,,,,,,,,,,,,,,,,,,,,,,,,,,,,,
British Virgin Islands,VGB,Firms using banks to finance working capital (% of firms),IC.FRM.BKWC.ZS,,,,,,,,,,,,,,,,,,,,,,,,,,,,,,,,,,,,,,,,,,,,,,,,,,,,,,,,
Brunei Darussalam,BRN,Firms using banks to finance investment (% of firms),IC.FRM.BNKS.ZS,,,,,,,,,,,,,,,,,,,,,,,,,,,,,,,,,,,,,,,,,,,,,,,,,,,,,,,,
Brunei Darussalam,BRN,Firms using banks to finance working capital (% of firms),IC.FRM.BKWC.ZS,,,,,,,,,,,,,,,,,,,,,,,,,,,,,,,,,,,,,,,,,,,,,,,,,,,,,,,,
Bulgaria,BGR,Firms using banks to finance investment (% of firms),IC.FRM.BNKS.ZS,,,,,,,,,,,,,,,,,,,,,,,,,,,,,,,,,,,,,,,,,,,1.98000000000000E+01,,2.42000000000000E+01,3.77000000000000E+01,,4.05000000000000E+01,,3.47000000000000E+01,,,,2.35000000000000E+01,,
Bulgaria,BGR,Firms using banks to finance working capital (% of firms),IC.FRM.BKWC.ZS,,,,,,,,,,,,,,,,,,,,,,,,,,,,,,,,,,,,,,,,,,,2.28000000000000E+01,,2.55000000000000E+01,3.72000000000000E+01,,4.67000000000000E+01,,,,,,4.23000000000000E+01,,
Burkina Faso,BFA,Firms using banks to finance investment (% of firms),IC.FRM.BNKS.ZS,,,,,,,,,,,,,,,,,,,,,,,,,,,,,,,,,,,,,,,,,,,,,,,2.31000000000000E+01,,,2.56000000000000E+01,,,,,,
Burkina Faso,BFA,Firms using banks to finance working capital (% of firms),IC.FRM.BKWC.ZS,,,,,,,,,,,,,,,,,,,,,,,,,,,,,,,,,,,,,,,,,,,,,,,1.94000000000000E+01,,,3.31000000000000E+01,,,,,,
Burundi,BDI,Firms using banks to finance investment (% of firms),IC.FRM.BNKS.ZS,,,,,,,,,,,,,,,,,,,,,,,,,,,,,,,,,,,,,,,,,,,,,,,1.22000000000000E+01,,,,,,,,2.99000000000000E+01,
Burundi,BDI,Firms using banks to finance working capital (% of firms),IC.FRM.BKWC.ZS,,,,,,,,,,,,,,,,,,,,,,,,,,,,,,,,,,,,,,,,,,,,,,,2.55000000000000E+01,,,,,,,,5.79000000000000E+01,
Cabo Verde,CPV,Firms using banks to finance investment (% of firms),IC.FRM.BNKS.ZS,,,,,,,,,,,,,,,,,,,,,,,,,,,,,,,,,,,,,,,,,,,,,,,2.63000000000000E+01,,,3.53000000000000E+01,,,,,,
Cabo Verde,CPV,Firms using banks to finance working capital (% of firms),IC.FRM.BKWC.ZS,,,,,,,,,,,,,,,,,,,,,,,,,,,,,,,,,,,,,,,,,,,,,,,1.94000000000000E+01,,,4.98000000000000E+01,,,,,,
Cambodia,KHM,Firms using banks to finance investment (% of firms),IC.FRM.BNKS.ZS,,,,,,,,,,,,,,,,,,,,,,,,,,,,,,,,,,,,,,,,,,,,,,,,1.13000000000000E+01,,,,,,7.90000000000000E+00,,
Cambodia,KHM,Firms using banks to finance working capital (% of firms),IC.FRM.BKWC.ZS,,,,,,,,,,,,,,,,,,,,,,,,,,,,,,,,,,,,,,,,,,,,,,,,1.26000000000000E+01,,,,,,3.60000000000000E+00,,
Cameroon,CMR,Firms using banks to finance investment (% of firms),IC.FRM.BNKS.ZS,,,,,,,,,,,,,,,,,,,,,,,,,,,,,,,,,,,,,,,,,,,,,,,1.95000000000000E+01,,,3.14000000000000E+01,,,,,,
Cameroon,CMR,Firms using banks to finance working capital (% of firms),IC.FRM.BKWC.ZS,,,,,,,,,,,,,,,,,,,,,,,,,,,,,,,,,,,,,,,,,,,,,,,4.19000000000000E+01,,,4.16000000000000E+01,,,,,,
Canada,CAN,Firms using banks to finance investment (% of firms),IC.FRM.BNKS.ZS,,,,,,,,,,,,,,,,,,,,,,,,,,,,,,,,,,,,,,,,,,,,,,,,,,,,,,,,
Canada,CAN,Firms using banks to finance working capital (% of firms),IC.FRM.BKWC.ZS,,,,,,,,,,,,,,,,,,,,,,,,,,,,,,,,,,,,,,,,,,,,,,,,,,,,,,,,
Cayman Islands,CYM,Firms using banks to finance investment (% of firms),IC.FRM.BNKS.ZS,,,,,,,,,,,,,,,,,,,,,,,,,,,,,,,,,,,,,,,,,,,,,,,,,,,,,,,,
Cayman Islands,CYM,Firms using banks to finance working capital (% of firms),IC.FRM.BKWC.ZS,,,,,,,,,,,,,,,,,,,,,,,,,,,,,,,,,,,,,,,,,,,,,,,,,,,,,,,,
Central African Republic,CAF,Firms using banks to finance investment (% of firms),IC.FRM.BNKS.ZS,,,,,,,,,,,,,,,,,,,,,,,,,,,,,,,,,,,,,,,,,,,,,,,,,,,,2.53000000000000E+01,,,,
Central African Republic,CAF,Firms using banks to finance working capital (% of firms),IC.FRM.BKWC.ZS,,,,,,,,,,,,,,,,,,,,,,,,,,,,,,,,,,,,,,,,,,,,,,,,,,,,2.53000000000000E+01,,,,
Chad,TCD,Firms using banks to finance investment (% of firms),IC.FRM.BNKS.ZS,,,,,,,,,,,,,,,,,,,,,,,,,,,,,,,,,,,,,,,,,,,,,,,,,,4.20000000000000E+00,,,,,,
Chad,TCD,Firms using banks to finance working capital (% of firms),IC.FRM.BKWC.ZS,,,,,,,,,,,,,,,,,,,,,,,,,,,,,,,,,,,,,,,,,,,,,,,,,,1.61000000000000E+01,,,,,,
Channel Islands,CHI,Firms using banks to finance investment (% of firms),IC.FRM.BNKS.ZS,,,,,,,,,,,,,,,,,,,,,,,,,,,,,,,,,,,,,,,,,,,,,,,,,,,,,,,,
Channel Islands,CHI,Firms using banks to finance working capital (% of firms),IC.FRM.BKWC.ZS,,,,,,,,,,,,,,,,,,,,,,,,,,,,,,,,,,,,,,,,,,,,,,,,,,,,,,,,
Chile,CHL,Firms using banks to finance investment (% of firms),IC.FRM.BNKS.ZS,,,,,,,,,,,,,,,,,,,,,,,,,,,,,,,,,,,,,,,,,,,,,,,2.91000000000000E+01,,,,4.48000000000000E+01,,,,,
Chile,CHL,Firms using banks to finance working capital (% of firms),IC.FRM.BKWC.ZS,,,,,,,,,,,,,,,,,,,,,,,,,,,,,,,,,,,,,,,,,,,,,,,4.89000000000000E+01,,,,5.51000000000000E+01,,,,,
China,CHN,Firms using banks to finance investment (% of firms),IC.FRM.BNKS.ZS,,,,,,,,,,,,,,,,,,,,,,,,,,,,,,,,,,,,,,,,,,,,,,,,,,,,,1.47000000000000E+01,,,
China,CHN,Firms using banks to finance working capital (% of firms),IC.FRM.BKWC.ZS,,,,,,,,,,,,,,,,,,,,,,,,,,,,,,,,,,,,,,,,,,,,,,,,,,,,,2.21000000000000E+01,,,
Colombia,COL,Firms using banks to finance investment (% of firms),IC.FRM.BNKS.ZS,,,,,,,,,,,,,,,,,,,,,,,,,,,,,,,,,,,,,,,,,,,,,,,3.05000000000000E+01,,,,3.50000000000000E+01,,,,,
Colombia,COL,Firms using banks to finance working capital (% of firms),IC.FRM.BKWC.ZS,,,,,,,,,,,,,,,,,,,,,,,,,,,,,,,,,,,,,,,,,,,,,,,5.57000000000000E+01,,,,4.92000000000000E+01,,,,,
Comoros,COM,Firms using banks to finance investment (% of firms),IC.FRM.BNKS.ZS,,,,,,,,,,,,,,,,,,,,,,,,,,,,,,,,,,,,,,,,,,,,,,,,,,,,,,,,
Comoros,COM,Firms using banks to finance working capital (% of firms),IC.FRM.BKWC.ZS,,,,,,,,,,,,,,,,,,,,,,,,,,,,,,,,,,,,,,,,,,,,,,,,,,,,,,,,
Costa Rica,CRI,Firms using banks to finance investment (% of firms),IC.FRM.BNKS.ZS,,,,,,,,,,,,,,,,,,,,,,,,,,,,,,,,,,,,,,,,,,,,,,1.49000000000000E+01,,,,,2.22000000000000E+01,,,,,
Costa Rica,CRI,Firms using banks to finance working capital (% of firms),IC.FRM.BKWC.ZS,,,,,,,,,,,,,,,,,,,,,,,,,,,,,,,,,,,,,,,,,,,,,,1.58000000000000E+01,,,,,3.01000000000000E+01,,,,,
Cote d'Ivoire,CIV,Firms using banks to finance investment (% of firms),IC.FRM.BNKS.ZS,,,,,,,,,,,,,,,,,,,,,,,,,,,,,,,,,,,,,,,,,,,,,,,,,,1.39000000000000E+01,,,,,,
Cote d'Ivoire,CIV,Firms using banks to finance working capital (% of firms),IC.FRM.BKWC.ZS,,,,,,,,,,,,,,,,,,,,,,,,,,,,,,,,,,,,,,,,,,,,,,,,,,8.30000000000000E+00,,,,,,
Croatia,HRV,Firms using banks to finance investment (% of firms),IC.FRM.BNKS.ZS,,,,,,,,,,,,,,,,,,,,,,,,,,,,,,,,,,,,,,,,,,,3.58000000000000E+01,,,4.58000000000000E+01,,6.00000000000000E+01,,,,,,2.70000000000000E+01,,
Croatia,HRV,Firms using banks to finance working capital (% of firms),IC.FRM.BKWC.ZS,,,,,,,,,,,,,,,,,,,,,,,,,,,,,,,,,,,,,,,,,,,3.26000000000000E+01,,,4.59000000000000E+01,,6.32000000000000E+01,,,,,,3.83000000000000E+01,,
Cuba,CUB,Firms using banks to finance investment (% of firms),IC.FRM.BNKS.ZS,,,,,,,,,,,,,,,,,,,,,,,,,,,,,,,,,,,,,,,,,,,,,,,,,,,,,,,,
Cuba,CUB,Firms using banks to finance working capital (% of firms),IC.FRM.BKWC.ZS,,,,,,,,,,,,,,,,,,,,,,,,,,,,,,,,,,,,,,,,,,,,,,,,,,,,,,,,
Curacao,CUW,Firms using banks to finance investment (% of firms),IC.FRM.BNKS.ZS,,,,,,,,,,,,,,,,,,,,,,,,,,,,,,,,,,,,,,,,,,,,,,,,,,,,,,,,
Curacao,CUW,Firms using banks to finance working capital (% of firms),IC.FRM.BKWC.ZS,,,,,,,,,,,,,,,,,,,,,,,,,,,,,,,,,,,,,,,,,,,,,,,,,,,,,,,,
Cyprus,CYP,Firms using banks to finance investment (% of firms),IC.FRM.BNKS.ZS,,,,,,,,,,,,,,,,,,,,,,,,,,,,,,,,,,,,,,,,,,,,,,,,,,,,,,,,
Cyprus,CYP,Firms using banks to finance working capital (% of firms),IC.FRM.BKWC.ZS,,,,,,,,,,,,,,,,,,,,,,,,,,,,,,,,,,,,,,,,,,,,,,,,,,,,,,,,
Czech Republic,CZE,Firms using banks to finance investment (% of firms),IC.FRM.BNKS.ZS,,,,,,,,,,,,,,,,,,,,,,,,,,,,,,,,,,,,,,,,,,,2.21000000000000E+01,,,2.08000000000000E+01,,,,3.34000000000000E+01,,,,3.43000000000000E+01,,
Czech Republic,CZE,Firms using banks to finance working capital (% of firms),IC.FRM.BKWC.ZS,,,,,,,,,,,,,,,,,,,,,,,,,,,,,,,,,,,,,,,,,,,2.14000000000000E+01,,,2.82000000000000E+01,,,,,,,,4.55000000000000E+01,,
Denmark,DNK,Firms using banks to finance investment (% of firms),IC.FRM.BNKS.ZS,,,,,,,,,,,,,,,,,,,,,,,,,,,,,,,,,,,,,,,,,,,,,,,,,,,,,,,,
Denmark,DNK,Firms using banks to finance working capital (% of firms),IC.FRM.BKWC.ZS,,,,,,,,,,,,,,,,,,,,,,,,,,,,,,,,,,,,,,,,,,,,,,,,,,,,,,,,
Djibouti,DJI,Firms using banks to finance investment (% of firms),IC.FRM.BNKS.ZS,,,,,,,,,,,,,,,,,,,,,,,,,,,,,,,,,,,,,,,,,,,,,,,,,,,,,,2.43000000000000E+01,,
Djibouti,DJI,Firms using banks to finance working capital (% of firms),IC.FRM.BKWC.ZS,,,,,,,,,,,,,,,,,,,,,,,,,,,,,,,,,,,,,,,,,,,,,,,,,,,,,,2.52000000000000E+01,,
Dominica,DMA,Firms using banks to finance investment (% of firms),IC.FRM.BNKS.ZS,,,,,,,,,,,,,,,,,,,,,,,,,,,,,,,,,,,,,,,,,,,,,,,,,,,4.62000000000000E+01,,,,,
Dominica,DMA,Firms using banks to finance working capital (% of firms),IC.FRM.BKWC.ZS,,,,,,,,,,,,,,,,,,,,,,,,,,,,,,,,,,,,,,,,,,,,,,,,,,,3.79000000000000E+01,,,,,
Dominican Republic,DOM,Firms using banks to finance investment (% of firms),IC.FRM.BNKS.ZS,,,,,,,,,,,,,,,,,,,,,,,,,,,,,,,,,,,,,,,,,,,,,,,,,,,3.91000000000000E+01,,,,,
Dominican Republic,DOM,Firms using banks to finance working capital (% of firms),IC.FRM.BKWC.ZS,,,,,,,,,,,,,,,,,,,,,,,,,,,,,,,,,,,,,,,,,,,,,,,,,,,7.24000000000000E+01,,,,,
Ecuador,ECU,Firms using banks to finance investment (% of firms),IC.FRM.BNKS.ZS,,,,,,,,,,,,,,,,,,,,,,,,,,,,,,,,,,,,,,,,,,,,,,,2.40000000000000E+01,,,,1.70000000000000E+01,,,,,
Ecuador,ECU,Firms using banks to finance working capital (% of firms),IC.FRM.BKWC.ZS,,,,,,,,,,,,,,,,,,,,,,,,,,,,,,,,,,,,,,,,,,,,,,,4.19000000000000E+01,,,,4.23000000000000E+01,,,,,
El Salvador,SLV,Firms using banks to finance investment (% of firms),IC.FRM.BNKS.ZS,,,,,,,,,,,,,,,,,,,,,,,,,,,,,,,,,,,,,,,,,,,,,,,1.73000000000000E+01,,,,3.17000000000000E+01,,,,,
El Salvador,SLV,Firms using banks to finance working capital (% of firms),IC.FRM.BKWC.ZS,,,,,,,,,,,,,,,,,,,,,,,,,,,,,,,,,,,,,,,,,,,,,,,3.90000000000000E+01,,,,4.45000000000000E+01,,,,,
Equatorial Guinea,GNQ,Firms using banks to finance investment (% of firms),IC.FRM.BNKS.ZS,,,,,,,,,,,,,,,,,,,,,,,,,,,,,,,,,,,,,,,,,,,,,,,,,,,,,,,,
Equatorial Guinea,GNQ,Firms using banks to finance working capital (% of firms),IC.FRM.BKWC.ZS,,,,,,,,,,,,,,,,,,,,,,,,,,,,,,,,,,,,,,,,,,,,,,,,,,,,,,,,
Eritrea,ERI,Firms using banks to finance investment (% of firms),IC.FRM.BNKS.ZS,,,,,,,,,,,,,,,,,,,,,,,,,,,,,,,,,,,,,,,,,,,,,,,,,,1.19000000000000E+01,,,,,,
Eritrea,ERI,Firms using banks to finance working capital (% of firms),IC.FRM.BKWC.ZS,,,,,,,,,,,,,,,,,,,,,,,,,,,,,,,,,,,,,,,,,,,,,,,,,,5.70000000000000E+00,,,,,,
Estonia,EST,Firms using banks to finance investment (% of firms),IC.FRM.BNKS.ZS,,,,,,,,,,,,,,,,,,,,,,,,,,,,,,,,,,,,,,,,,,,2.66000000000000E+01,,,2.50000000000000E+01,,,,4.15000000000000E+01,,,,3.27000000000000E+01,,
Estonia,EST,Firms using banks to finance working capital (% of firms),IC.FRM.BKWC.ZS,,,,,,,,,,,,,,,,,,,,,,,,,,,,,,,,,,,,,,,,,,,2.43000000000000E+01,,,2.16000000000000E+01,,,,,,,,2.36000000000000E+01,,
Ethiopia,ETH,Firms using banks to finance investment (% of firms),IC.FRM.BNKS.ZS,,,,,,,,,,,,,,,,,,,,,,,,,,,,,,,,,,,,,,,,,,,,,,,1.10000000000000E+01,,,,,1.66000000000000E+01,,,,1.29000000000000E+01
Ethiopia,ETH,Firms using banks to finance working capital (% of firms),IC.FRM.BKWC.ZS,,,,,,,,,,,,,,,,,,,,,,,,,,,,,,,,,,,,,,,,,,,,,,,4.07000000000000E+01,,,,,1.36000000000000E+01,,,,1.64000000000000E+01
Faroe Islands,FRO,Firms using banks to finance investment (% of firms),IC.FRM.BNKS.ZS,,,,,,,,,,,,,,,,,,,,,,,,,,,,,,,,,,,,,,,,,,,,,,,,,,,,,,,,
Faroe Islands,FRO,Firms using banks to finance working capital (% of firms),IC.FRM.BKWC.ZS,,,,,,,,,,,,,,,,,,,,,,,,,,,,,,,,,,,,,,,,,,,,,,,,,,,,,,,,
Fiji,FJI,Firms using banks to finance investment (% of firms),IC.FRM.BNKS.ZS,,,,,,,,,,,,,,,,,,,,,,,,,,,,,,,,,,,,,,,,,,,,,,,,,,3.71000000000000E+01,,,,,,
Fiji,FJI,Firms using banks to finance working capital (% of firms),IC.FRM.BKWC.ZS,,,,,,,,,,,,,,,,,,,,,,,,,,,,,,,,,,,,,,,,,,,,,,,,,,5.07000000000000E+01,,,,,,
Finland,FIN,Firms using banks to finance investment (% of firms),IC.FRM.BNKS.ZS,,,,,,,,,,,,,,,,,,,,,,,,,,,,,,,,,,,,,,,,,,,,,,,,,,,,,,,,
Finland,FIN,Firms using banks to finance working capital (% of firms),IC.FRM.BKWC.ZS,,,,,,,,,,,,,,,,,,,,,,,,,,,,,,,,,,,,,,,,,,,,,,,,,,,,,,,,
France,FRA,Firms using banks to finance investment (% of firms),IC.FRM.BNKS.ZS,,,,,,,,,,,,,,,,,,,,,,,,,,,,,,,,,,,,,,,,,,,,,,,,,,,,,,,,
France,FRA,Firms using banks to finance working capital (% of firms),IC.FRM.BKWC.ZS,,,,,,,,,,,,,,,,,,,,,,,,,,,,,,,,,,,,,,,,,,,,,,,,,,,,,,,,
French Polynesia,PYF,Firms using banks to finance investment (% of firms),IC.FRM.BNKS.ZS,,,,,,,,,,,,,,,,,,,,,,,,,,,,,,,,,,,,,,,,,,,,,,,,,,,,,,,,
French Polynesia,PYF,Firms using banks to finance working capital (% of firms),IC.FRM.BKWC.ZS,,,,,,,,,,,,,,,,,,,,,,,,,,,,,,,,,,,,,,,,,,,,,,,,,,,,,,,,
Gabon,GAB,Firms using banks to finance investment (% of firms),IC.FRM.BNKS.ZS,,,,,,,,,,,,,,,,,,,,,,,,,,,,,,,,,,,,,,,,,,,,,,,,,,6.30000000000000E+00,,,,,,
Gabon,GAB,Firms using banks to finance working capital (% of firms),IC.FRM.BKWC.ZS,,,,,,,,,,,,,,,,,,,,,,,,,,,,,,,,,,,,,,,,,,,,,,,,,,8.50000000000000E+00,,,,,,
Georgia,GEO,Firms using banks to finance investment (% of firms),IC.FRM.BNKS.ZS,,,,,,,,,,,,,,,,,,,,,,,,,,,,,,,,,,,,,,,,,,,2.34000000000000E+01,,,4.00000000000000E+01,,,3.82000000000000E+01,,,,,2.20000000000000E+01,,
Georgia,GEO,Firms using banks to finance working capital (% of firms),IC.FRM.BKWC.ZS,,,,,,,,,,,,,,,,,,,,,,,,,,,,,,,,,,,,,,,,,,,2.90000000000000E+01,,,2.78000000000000E+01,,,,,,,,2.76000000000000E+01,,
Germany,DEU,Firms using banks to finance investment (% of firms),IC.FRM.BNKS.ZS,,,,,,,,,,,,,,,,,,,,,,,,,,,,,,,,,,,,,,,,,,,,,,4.50000000000000E+01,,,,,,,,,,
Germany,DEU,Firms using banks to finance working capital (% of firms),IC.FRM.BKWC.ZS,,,,,,,,,,,,,,,,,,,,,,,,,,,,,,,,,,,,,,,,,,,,,,4.22000000000000E+01,,,,,,,,,,
Ghana,GHA,Firms using banks to finance investment (% of firms),IC.FRM.BNKS.ZS,,,,,,,,,,,,,,,,,,,,,,,,,,,,,,,,,,,,,,,,,,,,,,,,1.60000000000000E+01,,,,,,2.12000000000000E+01,,
Ghana,GHA,Firms using banks to finance working capital (% of firms),IC.FRM.BKWC.ZS,,,,,,,,,,,,,,,,,,,,,,,,,,,,,,,,,,,,,,,,,,,,,,,,2.14000000000000E+01,,,,,,2.53000000000000E+01,,
Gibraltar,GIB,Firms using banks to finance investment (% of firms),IC.FRM.BNKS.ZS,,,,,,,,,,,,,,,,,,,,,,,,,,,,,,,,,,,,,,,,,,,,,,,,,,,,,,,,
Gibraltar,GIB,Firms using banks to finance working capital (% of firms),IC.FRM.BKWC.ZS,,,,,,,,,,,,,,,,,,,,,,,,,,,,,,,,,,,,,,,,,,,,,,,,,,,,,,,,
Greece,GRC,Firms using banks to finance investment (% of firms),IC.FRM.BNKS.ZS,,,,,,,,,,,,,,,,,,,,,,,,,,,,,,,,,,,,,,,,,,,,,,2.59000000000000E+01,,,,,,,,,,
Greece,GRC,Firms using banks to finance working capital (% of firms),IC.FRM.BKWC.ZS,,,,,,,,,,,,,,,,,,,,,,,,,,,,,,,,,,,,,,,,,,,,,,2.62000000000000E+01,,,,,,,,,,
Greenland,GRL,Firms using banks to finance investment (% of firms),IC.FRM.BNKS.ZS,,,,,,,,,,,,,,,,,,,,,,,,,,,,,,,,,,,,,,,,,,,,,,,,,,,,,,,,
Greenland,GRL,Firms using banks to finance working capital (% of firms),IC.FRM.BKWC.ZS,,,,,,,,,,,,,,,,,,,,,,,,,,,,,,,,,,,,,,,,,,,,,,,,,,,,,,,,
Grenada,GRD,Firms using banks to finance investment (% of firms),IC.FRM.BNKS.ZS,,,,,,,,,,,,,,,,,,,,,,,,,,,,,,,,,,,,,,,,,,,,,,,,,,,3.72000000000000E+01,,,,,
Grenada,GRD,Firms using banks to finance working capital (% of firms),IC.FRM.BKWC.ZS,,,,,,,,,,,,,,,,,,,,,,,,,,,,,,,,,,,,,,,,,,,,,,,,,,,5.03000000000000E+01,,,,,
Guam,GUM,Firms using banks to finance investment (% of firms),IC.FRM.BNKS.ZS,,,,,,,,,,,,,,,,,,,,,,,,,,,,,,,,,,,,,,,,,,,,,,,,,,,,,,,,
Guam,GUM,Firms using banks to finance working capital (% of firms),IC.FRM.BKWC.ZS,,,,,,,,,,,,,,,,,,,,,,,,,,,,,,,,,,,,,,,,,,,,,,,,,,,,,,,,
Guatemala,GTM,Firms using banks to finance investment (% of firms),IC.FRM.BNKS.ZS,,,,,,,,,,,,,,,,,,,,,,,,,,,,,,,,,,,,,,,,,,,,,,,1.28000000000000E+01,,,,2.66000000000000E+01,,,,,
Guatemala,GTM,Firms using banks to finance working capital (% of firms),IC.FRM.BKWC.ZS,,,,,,,,,,,,,,,,,,,,,,,,,,,,,,,,,,,,,,,,,,,,,,,2.28000000000000E+01,,,,2.62000000000000E+01,,,,,
Guinea,GIN,Firms using banks to finance investment (% of firms),IC.FRM.BNKS.ZS,,,,,,,,,,,,,,,,,,,,,,,,,,,,,,,,,,,,,,,,,,,,,,,9.00000000000000E-01,,,,,,,,,
Guinea,GIN,Firms using banks to finance working capital (% of firms),IC.FRM.BKWC.ZS,,,,,,,,,,,,,,,,,,,,,,,,,,,,,,,,,,,,,,,,,,,,,,,2.60000000000000E+00,,,,,,,,,
Guinea-Bissau,GNB,Firms using banks to finance investment (% of firms),IC.FRM.BNKS.ZS,,,,,,,,,,,,,,,,,,,,,,,,,,,,,,,,,,,,,,,,,,,,,,,7.00000000000000E-01,,,,,,,,,
Guinea-Bissau,GNB,Firms using banks to finance working capital (% of firms),IC.FRM.BKWC.ZS,,,,,,,,,,,,,,,,,,,,,,,,,,,,,,,,,,,,,,,,,,,,,,,1.10000000000000E+00,,,,,,,,,
Guyana,GUY,Firms using banks to finance investment (% of firms),IC.FRM.BNKS.ZS,,,,,,,,,,,,,,,,,,,,,,,,,,,,,,,,,,,,,,,,,,,,,,,,,,,3.45000000000000E+01,,,,,
Guyana,GUY,Firms using banks to finance working capital (% of firms),IC.FRM.BKWC.ZS,,,,,,,,,,,,,,,,,,,,,,,,,,,,,,,,,,,,,,,,,,,,,,,,,,,5.93000000000000E+01,,,,,
Haiti,HTI,Firms using banks to finance investment (% of firms),IC.FRM.BNKS.ZS,,,,,,,,,,,,,,,,,,,,,,,,,,,,,,,,,,,,,,,,,,,,,,,,,,,,,,,,
Haiti,HTI,Firms using banks to finance working capital (% of firms),IC.FRM.BKWC.ZS,,,,,,,,,,,,,,,,,,,,,,,,,,,,,,,,,,,,,,,,,,,,,,,,,,,,,,,,
Honduras,HND,Firms using banks to finance investment (% of firms),IC.FRM.BNKS.ZS,,,,,,,,,,,,,,,,,,,,,,,,,,,,,,,,,,,,,,,,,,,,,,,8.50000000000000E+00,,,,1.70000000000000E+01,,,,,
Honduras,HND,Firms using banks to finance working capital (% of firms),IC.FRM.BKWC.ZS,,,,,,,,,,,,,,,,,,,,,,,,,,,,,,,,,,,,,,,,,,,,,,,3.60000000000000E+01,,,,2.56000000000000E+01,,,,,
Hungary,HUN,Firms using banks to finance investment (% of firms),IC.FRM.BNKS.ZS,,,,,,,,,,,,,,,,,,,,,,,,,,,,,,,,,,,,,,,,,,,2.26000000000000E+01,,,3.28000000000000E+01,,,,4.87000000000000E+01,,,,2.26000000000000E+01,,
Hungary,HUN,Firms using banks to finance working capital (% of firms),IC.FRM.BKWC.ZS,,,,,,,,,,,,,,,,,,,,,,,,,,,,,,,,,,,,,,,,,,,2.76000000000000E+01,,,4.18000000000000E+01,,,,,,,,2.53000000000000E+01,,
Iceland,ISL,Firms using banks to finance investment (% of firms),IC.FRM.BNKS.ZS,,,,,,,,,,,,,,,,,,,,,,,,,,,,,,,,,,,,,,,,,,,,,,,,,,,,,,,,
Iceland,ISL,Firms using banks to finance working capital (% of firms),IC.FRM.BKWC.ZS,,,,,,,,,,,,,,,,,,,,,,,,,,,,,,,,,,,,,,,,,,,,,,,,,,,,,,,,
India,IND,Firms using banks to finance investment (% of firms),IC.FRM.BNKS.ZS,,,,,,,,,,,,,,,,,,,,,,,,,,,,,,,,,,,,,,,,,,,,,,,4.66000000000000E+01,,,,,,,,3.03000000000000E+01,
India,IND,Firms using banks to finance working capital (% of firms),IC.FRM.BKWC.ZS,,,,,,,,,,,,,,,,,,,,,,,,,,,,,,,,,,,,,,,,,,,,,,,3.64000000000000E+01,,,,,,,,3.64000000000000E+01,
Indonesia,IDN,Firms using banks to finance investment (% of firms),IC.FRM.BNKS.ZS,,,,,,,,,,,,,,,,,,,,,,,,,,,,,,,,,,,,,,,,,,,,,,,,,,1.17000000000000E+01,,,,,,
Indonesia,IDN,Firms using banks to finance working capital (% of firms),IC.FRM.BKWC.ZS,,,,,,,,,,,,,,,,,,,,,,,,,,,,,,,,,,,,,,,,,,,,,,,,,,1.38000000000000E+01,,,,,,
Iraq,IRQ,Firms using banks to finance investment (% of firms),IC.FRM.BNKS.ZS,,,,,,,,,,,,,,,,,,,,,,,,,,,,,,,,,,,,,,,,,,,,,,,,,,,,2.70000000000000E+00,,,,
Iraq,IRQ,Firms using banks to finance working capital (% of firms),IC.FRM.BKWC.ZS,,,,,,,,,,,,,,,,,,,,,,,,,,,,,,,,,,,,,,,,,,,,,,,,,,,,4.60000000000000E+00,,,,
Ireland,IRL,Firms using banks to finance investment (% of firms),IC.FRM.BNKS.ZS,,,,,,,,,,,,,,,,,,,,,,,,,,,,,,,,,,,,,,,,,,,,,,3.74000000000000E+01,,,,,,,,,,
Ireland,IRL,Firms using banks to finance working capital (% of firms),IC.FRM.BKWC.ZS,,,,,,,,,,,,,,,,,,,,,,,,,,,,,,,,,,,,,,,,,,,,,,4.61000000000000E+01,,,,,,,,,,
Isle of Man,IMY,Firms using banks to finance investment (% of firms),IC.FRM.BNKS.ZS,,,,,,,,,,,,,,,,,,,,,,,,,,,,,,,,,,,,,,,,,,,,,,,,,,,,,,,,
Isle of Man,IMY,Firms using banks to finance working capital (% of firms),IC.FRM.BKWC.ZS,,,,,,,,,,,,,,,,,,,,,,,,,,,,,,,,,,,,,,,,,,,,,,,,,,,,,,,,
Israel,ISR,Firms using banks to finance investment (% of firms),IC.FRM.BNKS.ZS,,,,,,,,,,,,,,,,,,,,,,,,,,,,,,,,,,,,,,,,,,,,,,,,,,,,,,4.64000000000000E+01,,
Israel,ISR,Firms using banks to finance working capital (% of firms),IC.FRM.BKWC.ZS,,,,,,,,,,,,,,,,,,,,,,,,,,,,,,,,,,,,,,,,,,,,,,,,,,,,,,3.43000000000000E+01,,
Italy,ITA,Firms using banks to finance investment (% of firms),IC.FRM.BNKS.ZS,,,,,,,,,,,,,,,,,,,,,,,,,,,,,,,,,,,,,,,,,,,,,,,,,,,,,,,,
Italy,ITA,Firms using banks to finance working capital (% of firms),IC.FRM.BKWC.ZS,,,,,,,,,,,,,,,,,,,,,,,,,,,,,,,,,,,,,,,,,,,,,,,,,,,,,,,,
Jamaica,JAM,Firms using banks to finance investment (% of firms),IC.FRM.BNKS.ZS,,,,,,,,,,,,,,,,,,,,,,,,,,,,,,,,,,,,,,,,,,,,,,,,,,,4.42000000000000E+01,,,,,
Jamaica,JAM,Firms using banks to finance working capital (% of firms),IC.FRM.BKWC.ZS,,,,,,,,,,,,,,,,,,,,,,,,,,,,,,,,,,,,,,,,,,,,,,,,,,,5.31000000000000E+01,,,,,
Japan,JPN,Firms using banks to finance investment (% of firms),IC.FRM.BNKS.ZS,,,,,,,,,,,,,,,,,,,,,,,,,,,,,,,,,,,,,,,,,,,,,,,,,,,,,,,,
Japan,JPN,Firms using banks to finance working capital (% of firms),IC.FRM.BKWC.ZS,,,,,,,,,,,,,,,,,,,,,,,,,,,,,,,,,,,,,,,,,,,,,,,,,,,,,,,,
Jordan,JOR,Firms using banks to finance investment (% of firms),IC.FRM.BNKS.ZS,,,,,,,,,,,,,,,,,,,,,,,,,,,,,,,,,,,,,,,,,,,,,,,8.50000000000000E+00,,,,,,,4.68000000000000E+01,,
Jordan,JOR,Firms using banks to finance working capital (% of firms),IC.FRM.BKWC.ZS,,,,,,,,,,,,,,,,,,,,,,,,,,,,,,,,,,,,,,,,,,,,,,,1.83000000000000E+01,,,,,,,2.61000000000000E+01,,
Kazakhstan,KAZ,Firms using banks to finance investment (% of firms),IC.FRM.BNKS.ZS,,,,,,,,,,,,,,,,,,,,,,,,,,,,,,,,,,,,,,,,,,,1.64000000000000E+01,,,3.39000000000000E+01,,,,3.10000000000000E+01,,,,1.63000000000000E+01,,
Kazakhstan,KAZ,Firms using banks to finance working capital (% of firms),IC.FRM.BKWC.ZS,,,,,,,,,,,,,,,,,,,,,,,,,,,,,,,,,,,,,,,,,,,2.12000000000000E+01,,,3.42000000000000E+01,,,,,,,,1.30000000000000E+01,,
Kenya,KEN,Firms using banks to finance investment (% of firms),IC.FRM.BNKS.ZS,,,,,,,,,,,,,,,,,,,,,,,,,,,,,,,,,,,,,,,,,,,,,,,,2.29000000000000E+01,,,,,,4.32000000000000E+01,,
Kenya,KEN,Firms using banks to finance working capital (% of firms),IC.FRM.BKWC.ZS,,,,,,,,,,,,,,,,,,,,,,,,,,,,,,,,,,,,,,,,,,,,,,,,2.60000000000000E+01,,,,,,4.11000000000000E+01,,
Kiribati,KIR,Firms using banks to finance investment (% of firms),IC.FRM.BNKS.ZS,,,,,,,,,,,,,,,,,,,,,,,,,,,,,,,,,,,,,,,,,,,,,,,,,,,,,,,,
Kiribati,KIR,Firms using banks to finance working capital (% of firms),IC.FRM.BKWC.ZS,,,,,,,,,,,,,,,,,,,,,,,,,,,,,,,,,,,,,,,,,,,,,,,,,,,,,,,,
Kosovo,KSV,Firms using banks to finance investment (% of firms),IC.FRM.BNKS.ZS,,,,,,,,,,,,,,,,,,,,,,,,,,,,,,,,,,,,,,,,,,,,,,,,,,2.53000000000000E+01,,,,3.08000000000000E+01,,
Kosovo,KSV,Firms using banks to finance working capital (% of firms),IC.FRM.BKWC.ZS,,,,,,,,,,,,,,,,,,,,,,,,,,,,,,,,,,,,,,,,,,,,,,,,,,,,,,5.61000000000000E+01,,
Kuwait,KWT,Firms using banks to finance investment (% of firms),IC.FRM.BNKS.ZS,,,,,,,,,,,,,,,,,,,,,,,,,,,,,,,,,,,,,,,,,,,,,,,,,,,,,,,,
Kuwait,KWT,Firms using banks to finance working capital (% of firms),IC.FRM.BKWC.ZS,,,,,,,,,,,,,,,,,,,,,,,,,,,,,,,,,,,,,,,,,,,,,,,,,,,,,,,,
Kyrgyz Republic,KGZ,Firms using banks to finance investment (% of firms),IC.FRM.BNKS.ZS,,,,,,,,,,,,,,,,,,,,,,,,,,,,,,,,,,,,,,,,,,,9.00000000000000E+00,4.10000000000000E+00,,1.36000000000000E+01,,,,1.78000000000000E+01,,,,1.84000000000000E+01,,
Kyrgyz Republic,KGZ,Firms using banks to finance working capital (% of firms),IC.FRM.BKWC.ZS,,,,,,,,,,,,,,,,,,,,,,,,,,,,,,,,,,,,,,,,,,,1.12000000000000E+01,1.67000000000000E+01,,2.36000000000000E+01,,,,,,,,2.33000000000000E+01,,
Lao PDR,LAO,Firms using banks to finance investment (% of firms),IC.FRM.BNKS.ZS,,,,,,,,,,,,,,,,,,,,,,,,,,,,,,,,,,,,,,,,,,,,,,,,,,0.00000000000000E+00,,,2.06000000000000E+01,,,
Lao PDR,LAO,Firms using banks to finance working capital (% of firms),IC.FRM.BKWC.ZS,,,,,,,,,,,,,,,,,,,,,,,,,,,,,,,,,,,,,,,,,,,,,,,,,,1.08000000000000E+01,,,2.87000000000000E+01,,,
Latvia,LVA,Firms using banks to finance investment (% of firms),IC.FRM.BNKS.ZS,,,,,,,,,,,,,,,,,,,,,,,,,,,,,,,,,,,,,,,,,,,3.00000000000000E+01,,,2.78000000000000E+01,,,,3.73000000000000E+01,,,,7.90000000000000E+00,,
Latvia,LVA,Firms using banks to finance working capital (% of firms),IC.FRM.BKWC.ZS,,,,,,,,,,,,,,,,,,,,,,,,,,,,,,,,,,,,,,,,,,,2.61000000000000E+01,,,4.52000000000000E+01,,,,,,,,1.11000000000000E+01,,
Lebanon,LBN,Firms using banks to finance investment (% of firms),IC.FRM.BNKS.ZS,,,,,,,,,,,,,,,,,,,,,,,,,,,,,,,,,,,,,,,,,,,,,,,,,,2.38000000000000E+01,,,,5.31000000000000E+01,,
Lebanon,LBN,Firms using banks to finance working capital (% of firms),IC.FRM.BKWC.ZS,,,,,,,,,,,,,,,,,,,,,,,,,,,,,,,,,,,,,,,,,,,,,,,,,,5.13000000000000E+01,,,,4.02000000000000E+01,,
Lesotho,LSO,Firms using banks to finance investment (% of firms),IC.FRM.BNKS.ZS,,,,,,,,,,,,,,,,,,,,,,,,,,,,,,,,,,,,,,,,,,,,,,,,,,3.27000000000000E+01,,,,,,
Lesotho,LSO,Firms using banks to finance working capital (% of firms),IC.FRM.BKWC.ZS,,,,,,,,,,,,,,,,,,,,,,,,,,,,,,,,,,,,,,,,,,,,,,,,,,3.19000000000000E+01,,,,,,
Liberia,LBR,Firms using banks to finance investment (% of firms),IC.FRM.BNKS.ZS,,,,,,,,,,,,,,,,,,,,,,,,,,,,,,,,,,,,,,,,,,,,,,,,,,1.01000000000000E+01,,,,,,
Liberia,LBR,Firms using banks to finance working capital (% of firms),IC.FRM.BKWC.ZS,,,,,,,,,,,,,,,,,,,,,,,,,,,,,,,,,,,,,,,,,,,,,,,,,,1.28000000000000E+01,,,,,,
Libya,LBY,Firms using banks to finance investment (% of firms),IC.FRM.BNKS.ZS,,,,,,,,,,,,,,,,,,,,,,,,,,,,,,,,,,,,,,,,,,,,,,,,,,,,,,,,
Libya,LBY,Firms using banks to finance working capital (% of firms),IC.FRM.BKWC.ZS,,,,,,,,,,,,,,,,,,,,,,,,,,,,,,,,,,,,,,,,,,,,,,,,,,,,,,,,
Liechtenstein,LIE,Firms using banks to finance investment (% of firms),IC.FRM.BNKS.ZS,,,,,,,,,,,,,,,,,,,,,,,,,,,,,,,,,,,,,,,,,,,,,,,,,,,,,,,,
Liechtenstein,LIE,Firms using banks to finance working capital (% of firms),IC.FRM.BKWC.ZS,,,,,,,,,,,,,,,,,,,,,,,,,,,,,,,,,,,,,,,,,,,,,,,,,,,,,,,,
Lithuania,LTU,Firms using banks to finance investment (% of firms),IC.FRM.BNKS.ZS,,,,,,,,,,,,,,,,,,,,,,,,,,,,,,,,,,,,,,,,,,,1.44000000000000E+01,,2.48000000000000E+01,2.18000000000000E+01,,,,4.74000000000000E+01,,,,2.80000000000000E+01,,
Lithuania,LTU,Firms using banks to finance working capital (% of firms),IC.FRM.BKWC.ZS,,,,,,,,,,,,,,,,,,,,,,,,,,,,,,,,,,,,,,,,,,,2.60000000000000E+01,,2.81000000000000E+01,3.19000000000000E+01,,,,,,,,2.55000000000000E+01,,
Luxembourg,LUX,Firms using banks to finance investment (% of firms),IC.FRM.BNKS.ZS,,,,,,,,,,,,,,,,,,,,,,,,,,,,,,,,,,,,,,,,,,,,,,,,,,,,,,,,
Luxembourg,LUX,Firms using banks to finance working capital (% of firms),IC.FRM.BKWC.ZS,,,,,,,,,,,,,,,,,,,,,,,,,,,,,,,,,,,,,,,,,,,,,,,,,,,,,,,,
Madagascar,MDG,Firms using banks to finance investment (% of firms),IC.FRM.BNKS.ZS,,,,,,,,,,,,,,,,,,,,,,,,,,,,,,,,,,,,,,,,,,,,,,,,,,1.22000000000000E+01,,,,1.30000000000000E+01,,
Madagascar,MDG,Firms using banks to finance working capital (% of firms),IC.FRM.BKWC.ZS,,,,,,,,,,,,,,,,,,,,,,,,,,,,,,,,,,,,,,,,,,,,,,,,,,2.02000000000000E+01,,,,1.91000000000000E+01,,
Malawi,MWI,Firms using banks to finance investment (% of firms),IC.FRM.BNKS.ZS,,,,,,,,,,,,,,,,,,,,,,,,,,,,,,,,,,,,,,,,,,,,,,,,,,2.06000000000000E+01,,,,,3.03000000000000E+01,
Malawi,MWI,Firms using banks to finance working capital (% of firms),IC.FRM.BKWC.ZS,,,,,,,,,,,,,,,,,,,,,,,,,,,,,,,,,,,,,,,,,,,,,,,,,,3.10000000000000E+01,,,,,2.92000000000000E+01,
Malaysia,MYS,Firms using banks to finance investment (% of firms),IC.FRM.BNKS.ZS,,,,,,,,,,,,,,,,,,,,,,,,,,,,,,,,,,,,,,,,,,,,,,,,4.86000000000000E+01,,,,,,,,
Malaysia,MYS,Firms using banks to finance working capital (% of firms),IC.FRM.BKWC.ZS,,,,,,,,,,,,,,,,,,,,,,,,,,,,,,,,,,,,,,,,,,,,,,,,4.93000000000000E+01,,,,,,,,
Maldives,MDV,Firms using banks to finance investment (% of firms),IC.FRM.BNKS.ZS,,,,,,,,,,,,,,,,,,,,,,,,,,,,,,,,,,,,,,,,,,,,,,,,,,,,,,,,
Maldives,MDV,Firms using banks to finance working capital (% of firms),IC.FRM.BKWC.ZS,,,,,,,,,,,,,,,,,,,,,,,,,,,,,,,,,,,,,,,,,,,,,,,,,,,,,,,,
Mali,MLI,Firms using banks to finance investment (% of firms),IC.FRM.BNKS.ZS,,,,,,,,,,,,,,,,,,,,,,,,,,,,,,,,,,,,,,,,,,,,,,,,7.00000000000000E+00,,,2.93000000000000E+01,,,,,
Mali,MLI,Firms using banks to finance working capital (% of firms),IC.FRM.BKWC.ZS,,,,,,,,,,,,,,,,,,,,,,,,,,,,,,,,,,,,,,,,,,,,,,,,6.70000000000000E+00,,,2.14000000000000E+01,,,,,
Malta,MLT,Firms using banks to finance investment (% of firms),IC.FRM.BNKS.ZS,,,,,,,,,,,,,,,,,,,,,,,,,,,,,,,,,,,,,,,,,,,,,,,,,,,,,,,,
Malta,MLT,Firms using banks to finance working capital (% of firms),IC.FRM.BKWC.ZS,,,,,,,,,,,,,,,,,,,,,,,,,,,,,,,,,,,,,,,,,,,,,,,,,,,,,,,,
Marshall Islands,MHL,Firms using banks to finance investment (% of firms),IC.FRM.BNKS.ZS,,,,,,,,,,,,,,,,,,,,,,,,,,,,,,,,,,,,,,,,,,,,,,,,,,,,,,,,
Marshall Islands,MHL,Firms using banks to finance working capital (% of firms),IC.FRM.BKWC.ZS,,,,,,,,,,,,,,,,,,,,,,,,,,,,,,,,,,,,,,,,,,,,,,,,,,,,,,,,
Mauritania,MRT,Firms using banks to finance investment (% of firms),IC.FRM.BNKS.ZS,,,,,,,,,,,,,,,,,,,,,,,,,,,,,,,,,,,,,,,,,,,,,,,3.20000000000000E+00,,,,,,,,1.28000000000000E+01,
Mauritania,MRT,Firms using banks to finance working capital (% of firms),IC.FRM.BKWC.ZS,,,,,,,,,,,,,,,,,,,,,,,,,,,,,,,,,,,,,,,,,,,,,,,1.35000000000000E+01,,,,,,,,2.94000000000000E+01,
Mauritius,MUS,Firms using banks to finance investment (% of firms),IC.FRM.BNKS.ZS,,,,,,,,,,,,,,,,,,,,,,,,,,,,,,,,,,,,,,,,,,,,,,,,,,3.75000000000000E+01,,,,,,
Mauritius,MUS,Firms using banks to finance working capital (% of firms),IC.FRM.BKWC.ZS,,,,,,,,,,,,,,,,,,,,,,,,,,,,,,,,,,,,,,,,,,,,,,,,,,3.95000000000000E+01,,,,,,
Mexico,MEX,Firms using banks to finance investment (% of firms),IC.FRM.BNKS.ZS,,,,,,,,,,,,,,,,,,,,,,,,,,,,,,,,,,,,,,,,,,,,,,,2.60000000000000E+00,,,,1.62000000000000E+01,,,,,
Mexico,MEX,Firms using banks to finance working capital (% of firms),IC.FRM.BKWC.ZS,,,,,,,,,,,,,,,,,,,,,,,,,,,,,,,,,,,,,,,,,,,,,,,5.90000000000000E+00,,,,2.69000000000000E+01,,,,,
Moldova,MDA,Firms using banks to finance investment (% of firms),IC.FRM.BNKS.ZS,,,,,,,,,,,,,,,,,,,,,,,,,,,,,,,,,,,,,,,,,,,2.66000000000000E+01,3.43000000000000E+01,,2.70000000000000E+01,,,,3.07000000000000E+01,,,,2.00000000000000E+01,,
Moldova,MDA,Firms using banks to finance working capital (% of firms),IC.FRM.BKWC.ZS,,,,,,,,,,,,,,,,,,,,,,,,,,,,,,,,,,,,,,,,,,,3.45000000000000E+01,2.75000000000000E+01,,3.37000000000000E+01,,,,,,,,2.66000000000000E+01,,
Monaco,MCO,Firms using banks to finance investment (% of firms),IC.FRM.BNKS.ZS,,,,,,,,,,,,,,,,,,,,,,,,,,,,,,,,,,,,,,,,,,,,,,,,,,,,,,,,
Monaco,MCO,Firms using banks to finance working capital (% of firms),IC.FRM.BKWC.ZS,,,,,,,,,,,,,,,,,,,,,,,,,,,,,,,,,,,,,,,,,,,,,,,,,,,,,,,,
Mongolia,MNG,Firms using banks to finance investment (% of firms),IC.FRM.BNKS.ZS,,,,,,,,,,,,,,,,,,,,,,,,,,,,,,,,,,,,,,,,,,,,,,,,,,2.65000000000000E+01,,,,2.27000000000000E+01,,
Mongolia,MNG,Firms using banks to finance working capital (% of firms),IC.FRM.BKWC.ZS,,,,,,,,,,,,,,,,,,,,,,,,,,,,,,,,,,,,,,,,,,,,,,,,,,,,,,4.44000000000000E+01,,
Montenegro,MNE,Firms using banks to finance investment (% of firms),IC.FRM.BNKS.ZS,,,,,,,,,,,,,,,,,,,,,,,,,,,,,,,,,,,,,,,,,,,,,,,,,,7.58000000000000E+01,,,,2.96000000000000E+01,,
Montenegro,MNE,Firms using banks to finance working capital (% of firms),IC.FRM.BKWC.ZS,,,,,,,,,,,,,,,,,,,,,,,,,,,,,,,,,,,,,,,,,,,,,,,,,,,,,,4.39000000000000E+01,,
Morocco,MAR,Firms using banks to finance investment (% of firms),IC.FRM.BNKS.ZS,,,,,,,,,,,,,,,,,,,,,,,,,,,,,,,,,,,,,,,,,,,,,,,,1.23000000000000E+01,,,,,,3.48000000000000E+01,,
Morocco,MAR,Firms using banks to finance working capital (% of firms),IC.FRM.BKWC.ZS,,,,,,,,,,,,,,,,,,,,,,,,,,,,,,,,,,,,,,,,,,,,,,,,3.02000000000000E+01,,,,,,4.93000000000000E+01,,
Mozambique,MOZ,Firms using banks to finance investment (% of firms),IC.FRM.BNKS.ZS,,,,,,,,,,,,,,,,,,,,,,,,,,,,,,,,,,,,,,,,,,,,,,,,1.05000000000000E+01,,,,,,,,
Mozambique,MOZ,Firms using banks to finance working capital (% of firms),IC.FRM.BKWC.ZS,,,,,,,,,,,,,,,,,,,,,,,,,,,,,,,,,,,,,,,,,,,,,,,,8.50000000000000E+00,,,,,,,,
Myanmar,MMR,Firms using banks to finance investment (% of firms),IC.FRM.BNKS.ZS,,,,,,,,,,,,,,,,,,,,,,,,,,,,,,,,,,,,,,,,,,,,,,,,,,,,,,,2.80000000000000E+00,
Myanmar,MMR,Firms using banks to finance working capital (% of firms),IC.FRM.BKWC.ZS,,,,,,,,,,,,,,,,,,,,,,,,,,,,,,,,,,,,,,,,,,,,,,,,,,,,,,,4.70000000000000E+00,
Namibia,NAM,Firms using banks to finance investment (% of firms),IC.FRM.BNKS.ZS,,,,,,,,,,,,,,,,,,,,,,,,,,,,,,,,,,,,,,,,,,,,,,,8.10000000000000E+00,,,,,,,,3.35000000000000E+01,
Namibia,NAM,Firms using banks to finance working capital (% of firms),IC.FRM.BKWC.ZS,,,,,,,,,,,,,,,,,,,,,,,,,,,,,,,,,,,,,,,,,,,,,,,1.96000000000000E+01,,,,,,,,1.18000000000000E+01,
Nauru,NRU,Firms using banks to finance investment (% of firms),IC.FRM.BNKS.ZS,,,,,,,,,,,,,,,,,,,,,,,,,,,,,,,,,,,,,,,,,,,,,,,,,,,,,,,,
Nauru,NRU,Firms using banks to finance working capital (% of firms),IC.FRM.BKWC.ZS,,,,,,,,,,,,,,,,,,,,,,,,,,,,,,,,,,,,,,,,,,,,,,,,,,,,,,,,
Nepal,NPL,Firms using banks to finance investment (% of firms),IC.FRM.BNKS.ZS,,,,,,,,,,,,,,,,,,,,,,,,,,,,,,,,,,,,,,,,,,,,,,,,,,1.75000000000000E+01,,,,1.70000000000000E+01,,
Nepal,NPL,Firms using banks to finance working capital (% of firms),IC.FRM.BKWC.ZS,,,,,,,,,,,,,,,,,,,,,,,,,,,,,,,,,,,,,,,,,,,,,,,,,,3.22000000000000E+01,,,,1.37000000000000E+01,,
Netherlands,NLD,Firms using banks to finance investment (% of firms),IC.FRM.BNKS.ZS,,,,,,,,,,,,,,,,,,,,,,,,,,,,,,,,,,,,,,,,,,,,,,,,,,,,,,,,
Netherlands,NLD,Firms using banks to finance working capital (% of firms),IC.FRM.BKWC.ZS,,,,,,,,,,,,,,,,,,,,,,,,,,,,,,,,,,,,,,,,,,,,,,,,,,,,,,,,
New Caledonia,NCL,Firms using banks to finance investment (% of firms),IC.FRM.BNKS.ZS,,,,,,,,,,,,,,,,,,,,,,,,,,,,,,,,,,,,,,,,,,,,,,,,,,,,,,,,
New Caledonia,NCL,Firms using banks to finance working capital (% of firms),IC.FRM.BKWC.ZS,,,,,,,,,,,,,,,,,,,,,,,,,,,,,,,,,,,,,,,,,,,,,,,,,,,,,,,,
New Zealand,NZL,Firms using banks to finance investment (% of firms),IC.FRM.BNKS.ZS,,,,,,,,,,,,,,,,,,,,,,,,,,,,,,,,,,,,,,,,,,,,,,,,,,,,,,,,
New Zealand,NZL,Firms using banks to finance working capital (% of firms),IC.FRM.BKWC.ZS,,,,,,,,,,,,,,,,,,,,,,,,,,,,,,,,,,,,,,,,,,,,,,,,,,,,,,,,
Nicaragua,NIC,Firms using banks to finance investment (% of firms),IC.FRM.BNKS.ZS,,,,,,,,,,,,,,,,,,,,,,,,,,,,,,,,,,,,,,,,,,,,,,,1.30000000000000E+01,,,,2.19000000000000E+01,,,,,
Nicaragua,NIC,Firms using banks to finance working capital (% of firms),IC.FRM.BKWC.ZS,,,,,,,,,,,,,,,,,,,,,,,,,,,,,,,,,,,,,,,,,,,,,,,3.79000000000000E+01,,,,1.84000000000000E+01,,,,,
Niger,NER,Firms using banks to finance investment (% of firms),IC.FRM.BNKS.ZS,,,,,,,,,,,,,,,,,,,,,,,,,,,,,,,,,,,,,,,,,,,,,,,1.46000000000000E+01,,,9.30000000000000E+00,,,,,,
Niger,NER,Firms using banks to finance working capital (% of firms),IC.FRM.BKWC.ZS,,,,,,,,,,,,,,,,,,,,,,,,,,,,,,,,,,,,,,,,,,,,,,,2.64000000000000E+01,,,3.34000000000000E+01,,,,,,
Nigeria,NGA,Firms using banks to finance investment (% of firms),IC.FRM.BNKS.ZS,,,,,,,,,,,,,,,,,,,,,,,,,,,,,,,,,,,,,,,,,,,,,,,,2.70000000000000E+00,,,,,,,6.90000000000000E+00,
Nigeria,NGA,Firms using banks to finance working capital (% of firms),IC.FRM.BKWC.ZS,,,,,,,,,,,,,,,,,,,,,,,,,,,,,,,,,,,,,,,,,,,,,,,,4.30000000000000E+00,,,,,,,1.69000000000000E+01,
Northern Mariana Islands,MNP,Firms using banks to finance investment (% of firms),IC.FRM.BNKS.ZS,,,,,,,,,,,,,,,,,,,,,,,,,,,,,,,,,,,,,,,,,,,,,,,,,,,,,,,,
Northern Mariana Islands,MNP,Firms using banks to finance working capital (% of firms),IC.FRM.BKWC.ZS,,,,,,,,,,,,,,,,,,,,,,,,,,,,,,,,,,,,,,,,,,,,,,,,,,,,,,,,
Norway,NOR,Firms using banks to finance investment (% of firms),IC.FRM.BNKS.ZS,,,,,,,,,,,,,,,,,,,,,,,,,,,,,,,,,,,,,,,,,,,,,,,,,,,,,,,,
Norway,NOR,Firms using banks to finance working capital (% of firms),IC.FRM.BKWC.ZS,,,,,,,,,,,,,,,,,,,,,,,,,,,,,,,,,,,,,,,,,,,,,,,,,,,,,,,,
Oman,OMN,Firms using banks to finance investment (% of firms),IC.FRM.BNKS.ZS,,,,,,,,,,,,,,,,,,,,,,,,,,,,,,,,,,,,,,,,,,,,,,,,,,,,,,,,
Oman,OMN,Firms using banks to finance working capital (% of firms),IC.FRM.BKWC.ZS,,,,,,,,,,,,,,,,,,,,,,,,,,,,,,,,,,,,,,,,,,,,,,,,,,,,,,,,
Pakistan,PAK,Firms using banks to finance investment (% of firms),IC.FRM.BNKS.ZS,,,,,,,,,,,,,,,,,,,,,,,,,,,,,,,,,,,,,,,,,,,,,,,,9.70000000000000E+00,,,,,,8.10000000000000E+00,,
Pakistan,PAK,Firms using banks to finance working capital (% of firms),IC.FRM.BKWC.ZS,,,,,,,,,,,,,,,,,,,,,,,,,,,,,,,,,,,,,,,,,,,,,,,,4.60000000000000E+00,,,,,,8.60000000000000E+00,,
Palau,PLW,Firms using banks to finance investment (% of firms),IC.FRM.BNKS.ZS,,,,,,,,,,,,,,,,,,,,,,,,,,,,,,,,,,,,,,,,,,,,,,,,,,,,,,,,
Palau,PLW,Firms using banks to finance working capital (% of firms),IC.FRM.BKWC.ZS,,,,,,,,,,,,,,,,,,,,,,,,,,,,,,,,,,,,,,,,,,,,,,,,,,,,,,,,
Panama,PAN,Firms using banks to finance investment (% of firms),IC.FRM.BNKS.ZS,,,,,,,,,,,,,,,,,,,,,,,,,,,,,,,,,,,,,,,,,,,,,,,1.92000000000000E+01,,,,1.20000000000000E+00,,,,,
Panama,PAN,Firms using banks to finance working capital (% of firms),IC.FRM.BKWC.ZS,,,,,,,,,,,,,,,,,,,,,,,,,,,,,,,,,,,,,,,,,,,,,,,3.94000000000000E+01,,,,9.00000000000000E+00,,,,,
Papua New Guinea,PNG,Firms using banks to finance investment (% of firms),IC.FRM.BNKS.ZS,,,,,,,,,,,,,,,,,,,,,,,,,,,,,,,,,,,,,,,,,,,,,,,,,,,,,,,,
Papua New Guinea,PNG,Firms using banks to finance working capital (% of firms),IC.FRM.BKWC.ZS,,,,,,,,,,,,,,,,,,,,,,,,,,,,,,,,,,,,,,,,,,,,,,,,,,,,,,,,
Paraguay,PRY,Firms using banks to finance investment (% of firms),IC.FRM.BNKS.ZS,,,,,,,,,,,,,,,,,,,,,,,,,,,,,,,,,,,,,,,,,,,,,,,8.20000000000000E+00,,,,3.01000000000000E+01,,,,,
Paraguay,PRY,Firms using banks to finance working capital (% of firms),IC.FRM.BKWC.ZS,,,,,,,,,,,,,,,,,,,,,,,,,,,,,,,,,,,,,,,,,,,,,,,2.58000000000000E+01,,,,4.80000000000000E+01,,,,,
Peru,PER,Firms using banks to finance investment (% of firms),IC.FRM.BNKS.ZS,,,,,,,,,,,,,,,,,,,,,,,,,,,,,,,,,,,,,,,,,,,,,,,3.09000000000000E+01,,,,4.59000000000000E+01,,,,,
Peru,PER,Firms using banks to finance working capital (% of firms),IC.FRM.BKWC.ZS,,,,,,,,,,,,,,,,,,,,,,,,,,,,,,,,,,,,,,,,,,,,,,,6.09000000000000E+01,,,,4.99000000000000E+01,,,,,
Philippines,PHL,Firms using banks to finance investment (% of firms),IC.FRM.BNKS.ZS,,,,,,,,,,,,,,,,,,,,,,,,,,,,,,,,,,,,,,,,,,,,,,,,,,2.19000000000000E+01,,,,,,
Philippines,PHL,Firms using banks to finance working capital (% of firms),IC.FRM.BKWC.ZS,,,,,,,,,,,,,,,,,,,,,,,,,,,,,,,,,,,,,,,,,,,,,,,,,,1.91000000000000E+01,,,,,,
Poland,POL,Firms using banks to finance investment (% of firms),IC.FRM.BNKS.ZS,,,,,,,,,,,,,,,,,,,,,,,,,,,,,,,,,,,,,,,,,,,3.00000000000000E+01,3.42000000000000E+01,,3.33000000000000E+01,,,,4.07000000000000E+01,,,,3.07000000000000E+01,,
Poland,POL,Firms using banks to finance working capital (% of firms),IC.FRM.BKWC.ZS,,,,,,,,,,,,,,,,,,,,,,,,,,,,,,,,,,,,,,,,,,,3.55000000000000E+01,2.77000000000000E+01,,2.80000000000000E+01,,,,,,,,3.27000000000000E+01,,
Portugal,PRT,Firms using banks to finance investment (% of firms),IC.FRM.BNKS.ZS,,,,,,,,,,,,,,,,,,,,,,,,,,,,,,,,,,,,,,,,,,,,,,2.44000000000000E+01,,,,,,,,,,
Portugal,PRT,Firms using banks to finance working capital (% of firms),IC.FRM.BKWC.ZS,,,,,,,,,,,,,,,,,,,,,,,,,,,,,,,,,,,,,,,,,,,,,,2.03000000000000E+01,,,,,,,,,,
Puerto Rico,PRI,Firms using banks to finance investment (% of firms),IC.FRM.BNKS.ZS,,,,,,,,,,,,,,,,,,,,,,,,,,,,,,,,,,,,,,,,,,,,,,,,,,,,,,,,
Puerto Rico,PRI,Firms using banks to finance working capital (% of firms),IC.FRM.BKWC.ZS,,,,,,,,,,,,,,,,,,,,,,,,,,,,,,,,,,,,,,,,,,,,,,,,,,,,,,,,
Qatar,QAT,Firms using banks to finance investment (% of firms),IC.FRM.BNKS.ZS,,,,,,,,,,,,,,,,,,,,,,,,,,,,,,,,,,,,,,,,,,,,,,,,,,,,,,,,
Qatar,QAT,Firms using banks to finance working capital (% of firms),IC.FRM.BKWC.ZS,,,,,,,,,,,,,,,,,,,,,,,,,,,,,,,,,,,,,,,,,,,,,,,,,,,,,,,,
Romania,ROM,Firms using banks to finance investment (% of firms),IC.FRM.BNKS.ZS,,,,,,,,,,,,,,,,,,,,,,,,,,,,,,,,,,,,,,,,,,,2.06000000000000E+01,,,3.14000000000000E+01,,,,3.73000000000000E+01,,,,2.80000000000000E+01,,
Romania,ROM,Firms using banks to finance working capital (% of firms),IC.FRM.BKWC.ZS,,,,,,,,,,,,,,,,,,,,,,,,,,,,,,,,,,,,,,,,,,,2.63000000000000E+01,,,3.60000000000000E+01,,,,,,,,4.13000000000000E+01,,
Russian Federation,RUS,Firms using banks to finance investment (% of firms),IC.FRM.BNKS.ZS,,,,,,,,,,,,,,,,,,,,,,,,,,,,,,,,,,,,,,,,,,,1.09000000000000E+01,,,1.58000000000000E+01,,,,3.06000000000000E+01,,,1.13000000000000E+01,,,
Russian Federation,RUS,Firms using banks to finance working capital (% of firms),IC.FRM.BKWC.ZS,,,,,,,,,,,,,,,,,,,,,,,,,,,,,,,,,,,,,,,,,,,1.57000000000000E+01,,,2.23000000000000E+01,,,,,,,2.13000000000000E+01,,,
Rwanda,RWA,Firms using banks to finance investment (% of firms),IC.FRM.BNKS.ZS,,,,,,,,,,,,,,,,,,,,,,,,,,,,,,,,,,,,,,,,,,,,,,,1.59000000000000E+01,,,,,2.33000000000000E+01,,,,
Rwanda,RWA,Firms using banks to finance working capital (% of firms),IC.FRM.BKWC.ZS,,,,,,,,,,,,,,,,,,,,,,,,,,,,,,,,,,,,,,,,,,,,,,,3.25000000000000E+01,,,,,4.39000000000000E+01,,,,
Samoa,WSM,Firms using banks to finance investment (% of firms),IC.FRM.BNKS.ZS,,,,,,,,,,,,,,,,,,,,,,,,,,,,,,,,,,,,,,,,,,,,,,,,,,4.83000000000000E+01,,,,,,
Samoa,WSM,Firms using banks to finance working capital (% of firms),IC.FRM.BKWC.ZS,,,,,,,,,,,,,,,,,,,,,,,,,,,,,,,,,,,,,,,,,,,,,,,,,,6.87000000000000E+01,,,,,,
San Marino,SMR,Firms using banks to finance investment (% of firms),IC.FRM.BNKS.ZS,,,,,,,,,,,,,,,,,,,,,,,,,,,,,,,,,,,,,,,,,,,,,,,,,,,,,,,,
San Marino,SMR,Firms using banks to finance working capital (% of firms),IC.FRM.BKWC.ZS,,,,,,,,,,,,,,,,,,,,,,,,,,,,,,,,,,,,,,,,,,,,,,,,,,,,,,,,
Sao Tome and Principe,STP,Firms using banks to finance investment (% of firms),IC.FRM.BNKS.ZS,,,,,,,,,,,,,,,,,,,,,,,,,,,,,,,,,,,,,,,,,,,,,,,,,,,,,,,,
Sao Tome and Principe,STP,Firms using banks to finance working capital (% of firms),IC.FRM.BKWC.ZS,,,,,,,,,,,,,,,,,,,,,,,,,,,,,,,,,,,,,,,,,,,,,,,,,,,,,,,,
Saudi Arabia,SAU,Firms using banks to finance investment (% of firms),IC.FRM.BNKS.ZS,,,,,,,,,,,,,,,,,,,,,,,,,,,,,,,,,,,,,,,,,,,,,,,,,,,,,,,,
Saudi Arabia,SAU,Firms using banks to finance working capital (% of firms),IC.FRM.BKWC.ZS,,,,,,,,,,,,,,,,,,,,,,,,,,,,,,,,,,,,,,,,,,,,,,,,,,,,,,,,
Senegal,SEN,Firms using banks to finance investment (% of firms),IC.FRM.BNKS.ZS,,,,,,,,,,,,,,,,,,,,,,,,,,,,,,,,,,,,,,,,,,,,,,,,1.98000000000000E+01,,,,,,,1.92000000000000E+01,
Senegal,SEN,Firms using banks to finance working capital (% of firms),IC.FRM.BKWC.ZS,,,,,,,,,,,,,,,,,,,,,,,,,,,,,,,,,,,,,,,,,,,,,,,,9.60000000000000E+00,,,,,,,1.96000000000000E+01,
Serbia,SRB,Firms using banks to finance investment (% of firms),IC.FRM.BNKS.ZS,,,,,,,,,,,,,,,,,,,,,,,,,,,,,,,,,,,,,,,,,,,9.80000000000000E+00,,,3.02000000000000E+01,,,,4.28000000000000E+01,,,,2.70000000000000E+01,,
Serbia,SRB,Firms using banks to finance working capital (% of firms),IC.FRM.BKWC.ZS,,,,,,,,,,,,,,,,,,,,,,,,,,,,,,,,,,,,,,,,,,,1.15000000000000E+01,,,2.99000000000000E+01,,,,,,,,3.84000000000000E+01,,
Seychelles,SYC,Firms using banks to finance investment (% of firms),IC.FRM.BNKS.ZS,,,,,,,,,,,,,,,,,,,,,,,,,,,,,,,,,,,,,,,,,,,,,,,,,,,,,,,,
Seychelles,SYC,Firms using banks to finance working capital (% of firms),IC.FRM.BKWC.ZS,,,,,,,,,,,,,,,,,,,,,,,,,,,,,,,,,,,,,,,,,,,,,,,,,,,,,,,,
Sierra Leone,SLE,Firms using banks to finance investment (% of firms),IC.FRM.BNKS.ZS,,,,,,,,,,,,,,,,,,,,,,,,,,,,,,,,,,,,,,,,,,,,,,,,,,6.90000000000000E+00,,,,,,
Sierra Leone,SLE,Firms using banks to finance working capital (% of firms),IC.FRM.BKWC.ZS,,,,,,,,,,,,,,,,,,,,,,,,,,,,,,,,,,,,,,,,,,,,,,,,,,2.47000000000000E+01,,,,,,
Singapore,SGP,Firms using banks to finance investment (% of firms),IC.FRM.BNKS.ZS,,,,,,,,,,,,,,,,,,,,,,,,,,,,,,,,,,,,,,,,,,,,,,,,,,,,,,,,
Singapore,SGP,Firms using banks to finance working capital (% of firms),IC.FRM.BKWC.ZS,,,,,,,,,,,,,,,,,,,,,,,,,,,,,,,,,,,,,,,,,,,,,,,,,,,,,,,,
Sint Maarten (Dutch part),SXM,Firms using banks to finance investment (% of firms),IC.FRM.BNKS.ZS,,,,,,,,,,,,,,,,,,,,,,,,,,,,,,,,,,,,,,,,,,,,,,,,,,,,,,,,
Sint Maarten (Dutch part),SXM,Firms using banks to finance working capital (% of firms),IC.FRM.BKWC.ZS,,,,,,,,,,,,,,,,,,,,,,,,,,,,,,,,,,,,,,,,,,,,,,,,,,,,,,,,
Slovak Republic,SVK,Firms using banks to finance investment (% of firms),IC.FRM.BNKS.ZS,,,,,,,,,,,,,,,,,,,,,,,,,,,,,,,,,,,,,,,,,,,1.30000000000000E+01,,,2.38000000000000E+01,,,,3.35000000000000E+01,,,,3.74000000000000E+01,,
Slovak Republic,SVK,Firms using banks to finance working capital (% of firms),IC.FRM.BKWC.ZS,,,,,,,,,,,,,,,,,,,,,,,,,,,,,,,,,,,,,,,,,,,2.10000000000000E+01,,,3.40000000000000E+01,,,,,,,,4.02000000000000E+01,,
Slovenia,SVN,Firms using banks to finance investment (% of firms),IC.FRM.BNKS.ZS,,,,,,,,,,,,,,,,,,,,,,,,,,,,,,,,,,,,,,,,,,,1.36000000000000E+01,,,4.73000000000000E+01,,,,5.22000000000000E+01,,,,3.04000000000000E+01,,
Slovenia,SVN,Firms using banks to finance working capital (% of firms),IC.FRM.BKWC.ZS,,,,,,,,,,,,,,,,,,,,,,,,,,,,,,,,,,,,,,,,,,,1.47000000000000E+01,,,4.27000000000000E+01,,,,,,,,3.62000000000000E+01,,
Solomon Islands,SLB,Firms using banks to finance investment (% of firms),IC.FRM.BNKS.ZS,,,,,,,,,,,,,,,,,,,,,,,,,,,,,,,,,,,,,,,,,,,,,,,,,,,,,,,,
Solomon Islands,SLB,Firms using banks to finance working capital (% of firms),IC.FRM.BKWC.ZS,,,,,,,,,,,,,,,,,,,,,,,,,,,,,,,,,,,,,,,,,,,,,,,,,,,,,,,,
Somalia,SOM,Firms using banks to finance investment (% of firms),IC.FRM.BNKS.ZS,,,,,,,,,,,,,,,,,,,,,,,,,,,,,,,,,,,,,,,,,,,,,,,,,,,,,,,,
Somalia,SOM,Firms using banks to finance working capital (% of firms),IC.FRM.BKWC.ZS,,,,,,,,,,,,,,,,,,,,,,,,,,,,,,,,,,,,,,,,,,,,,,,,,,,,,,,,
South Africa,ZAF,Firms using banks to finance investment (% of firms),IC.FRM.BNKS.ZS,,,,,,,,,,,,,,,,,,,,,,,,,,,,,,,,,,,,,,,,,,,,,,,,3.48000000000000E+01,,,,,,,,
South Africa,ZAF,Firms using banks to finance working capital (% of firms),IC.FRM.BKWC.ZS,,,,,,,,,,,,,,,,,,,,,,,,,,,,,,,,,,,,,,,,,,,,,,,,2.11000000000000E+01,,,,,,,,
South Sudan,SSD,Firms using banks to finance investment (% of firms),IC.FRM.BNKS.ZS,,,,,,,,,,,,,,,,,,,,,,,,,,,,,,,,,,,,,,,,,,,,,,,,,,,,,,,8.00000000000000E+00,
South Sudan,SSD,Firms using banks to finance working capital (% of firms),IC.FRM.BKWC.ZS,,,,,,,,,,,,,,,,,,,,,,,,,,,,,,,,,,,,,,,,,,,,,,,,,,,,,,,6.00000000000000E+00,
Spain,ESP,Firms using banks to finance investment (% of firms),IC.FRM.BNKS.ZS,,,,,,,,,,,,,,,,,,,,,,,,,,,,,,,,,,,,,,,,,,,,,,3.26000000000000E+01,,,,,,,,,,
Spain,ESP,Firms using banks to finance working capital (% of firms),IC.FRM.BKWC.ZS,,,,,,,,,,,,,,,,,,,,,,,,,,,,,,,,,,,,,,,,,,,,,,3.58000000000000E+01,,,,,,,,,,
Sri Lanka,LKA,Firms using banks to finance investment (% of firms),IC.FRM.BNKS.ZS,,,,,,,,,,,,,,,,,,,,,,,,,,,,,,,,,,,,,,,,,,,,,,,,,,,,4.36000000000000E+01,,,,
Sri Lanka,LKA,Firms using banks to finance working capital (% of firms),IC.FRM.BKWC.ZS,,,,,,,,,,,,,,,,,,,,,,,,,,,,,,,,,,,,,,,,,,,,,,,,,,,,4.06000000000000E+01,,,,
St. Kitts and Nevis,KNA,Firms using banks to finance investment (% of firms),IC.FRM.BNKS.ZS,,,,,,,,,,,,,,,,,,,,,,,,,,,,,,,,,,,,,,,,,,,,,,,,,,,4.64000000000000E+01,,,,,
St. Kitts and Nevis,KNA,Firms using banks to finance working capital (% of firms),IC.FRM.BKWC.ZS,,,,,,,,,,,,,,,,,,,,,,,,,,,,,,,,,,,,,,,,,,,,,,,,,,,5.20000000000000E+01,,,,,
St. Lucia,LCA,Firms using banks to finance investment (% of firms),IC.FRM.BNKS.ZS,,,,,,,,,,,,,,,,,,,,,,,,,,,,,,,,,,,,,,,,,,,,,,,,,,,5.22000000000000E+01,,,,,
St. Lucia,LCA,Firms using banks to finance working capital (% of firms),IC.FRM.BKWC.ZS,,,,,,,,,,,,,,,,,,,,,,,,,,,,,,,,,,,,,,,,,,,,,,,,,,,4.92000000000000E+01,,,,,
St. Martin (French part),MAF,Firms using banks to finance investment (% of firms),IC.FRM.BNKS.ZS,,,,,,,,,,,,,,,,,,,,,,,,,,,,,,,,,,,,,,,,,,,,,,,,,,,,,,,,
St. Martin (French part),MAF,Firms using banks to finance working capital (% of firms),IC.FRM.BKWC.ZS,,,,,,,,,,,,,,,,,,,,,,,,,,,,,,,,,,,,,,,,,,,,,,,,,,,,,,,,
St. Vincent and the Grenadines,VCT,Firms using banks to finance investment (% of firms),IC.FRM.BNKS.ZS,,,,,,,,,,,,,,,,,,,,,,,,,,,,,,,,,,,,,,,,,,,,,,,,,,,5.58000000000000E+01,,,,,
St. Vincent and the Grenadines,VCT,Firms using banks to finance working capital (% of firms),IC.FRM.BKWC.ZS,,,,,,,,,,,,,,,,,,,,,,,,,,,,,,,,,,,,,,,,,,,,,,,,,,,5.27000000000000E+01,,,,,
Sudan,SDN,Firms using banks to finance investment (% of firms),IC.FRM.BNKS.ZS,,,,,,,,,,,,,,,,,,,,,,,,,,,,,,,,,,,,,,,,,,,,,,,,,,,,,,,6.70000000000000E+00,
Sudan,SDN,Firms using banks to finance working capital (% of firms),IC.FRM.BKWC.ZS,,,,,,,,,,,,,,,,,,,,,,,,,,,,,,,,,,,,,,,,,,,,,,,,,,,,,,,2.60000000000000E+00,
Suriname,SUR,Firms using banks to finance investment (% of firms),IC.FRM.BNKS.ZS,,,,,,,,,,,,,,,,,,,,,,,,,,,,,,,,,,,,,,,,,,,,,,,,,,,3.70000000000000E+01,,,,,
Suriname,SUR,Firms using banks to finance working capital (% of firms),IC.FRM.BKWC.ZS,,,,,,,,,,,,,,,,,,,,,,,,,,,,,,,,,,,,,,,,,,,,,,,,,,,5.76000000000000E+01,,,,,
Swaziland,SWZ,Firms using banks to finance investment (% of firms),IC.FRM.BNKS.ZS,,,,,,,,,,,,,,,,,,,,,,,,,,,,,,,,,,,,,,,,,,,,,,,7.70000000000000E+00,,,,,,,,,
Swaziland,SWZ,Firms using banks to finance working capital (% of firms),IC.FRM.BKWC.ZS,,,,,,,,,,,,,,,,,,,,,,,,,,,,,,,,,,,,,,,,,,,,,,,1.60000000000000E+01,,,,,,,,,
Sweden,SWE,Firms using banks to finance investment (% of firms),IC.FRM.BNKS.ZS,,,,,,,,,,,,,,,,,,,,,,,,,,,,,,,,,,,,,,,,,,,,,,,,,,,,,,,1.79000000000000E+01,
Sweden,SWE,Firms using banks to finance working capital (% of firms),IC.FRM.BKWC.ZS,,,,,,,,,,,,,,,,,,,,,,,,,,,,,,,,,,,,,,,,,,,,,,,,,,,,,,,2.66000000000000E+01,
Switzerland,CHE,Firms using banks to finance investment (% of firms),IC.FRM.BNKS.ZS,,,,,,,,,,,,,,,,,,,,,,,,,,,,,,,,,,,,,,,,,,,,,,,,,,,,,,,,
Switzerland,CHE,Firms using banks to finance working capital (% of firms),IC.FRM.BKWC.ZS,,,,,,,,,,,,,,,,,,,,,,,,,,,,,,,,,,,,,,,,,,,,,,,,,,,,,,,,
Syrian Arab Republic,SYR,Firms using banks to finance investment (% of firms),IC.FRM.BNKS.ZS,,,,,,,,,,,,,,,,,,,,,,,,,,,,,,,,,,,,,,,,,,,,,,,,,,2.07000000000000E+01,,,,,,
Syrian Arab Republic,SYR,Firms using banks to finance working capital (% of firms),IC.FRM.BKWC.ZS,,,,,,,,,,,,,,,,,,,,,,,,,,,,,,,,,,,,,,,,,,,,,,,,,,1.60000000000000E+01,,,,,,
Tajikistan,TJK,Firms using banks to finance investment (% of firms),IC.FRM.BNKS.ZS,,,,,,,,,,,,,,,,,,,,,,,,,,,,,,,,,,,,,,,,,,,4.30000000000000E+00,0.00000000000000E+00,,1.30000000000000E+00,,,2.14000000000000E+01,,,,,1.32000000000000E+01,,
Tajikistan,TJK,Firms using banks to finance working capital (% of firms),IC.FRM.BKWC.ZS,,,,,,,,,,,,,,,,,,,,,,,,,,,,,,,,,,,,,,,,,,,4.10000000000000E+00,3.70000000000000E+00,,8.00000000000000E+00,,,,,,,,1.92000000000000E+01,,
Tanzania,TZA,Firms using banks to finance investment (% of firms),IC.FRM.BNKS.ZS,,,,,,,,,,,,,,,,,,,,,,,,,,,,,,,,,,,,,,,,,,,,,,,6.80000000000000E+00,,,,,,,1.85000000000000E+01,,
Tanzania,TZA,Firms using banks to finance working capital (% of firms),IC.FRM.BKWC.ZS,,,,,,,,,,,,,,,,,,,,,,,,,,,,,,,,,,,,,,,,,,,,,,,1.73000000000000E+01,,,,,,,1.47000000000000E+01,,
Thailand,THA,Firms using banks to finance investment (% of firms),IC.FRM.BNKS.ZS,,,,,,,,,,,,,,,,,,,,,,,,,,,,,,,,,,,,,,,,,,,,,,,7.44000000000000E+01,,,,,,,,,
Thailand,THA,Firms using banks to finance working capital (% of firms),IC.FRM.BKWC.ZS,,,,,,,,,,,,,,,,,,,,,,,,,,,,,,,,,,,,,,,,,,,,,,,7.19000000000000E+01,,,,,,,,,
Timor-Leste,TMP,Firms using banks to finance investment (% of firms),IC.FRM.BNKS.ZS,,,,,,,,,,,,,,,,,,,,,,,,,,,,,,,,,,,,,,,,,,,,,,,,,,1.60000000000000E+00,,,,,,
Timor-Leste,TMP,Firms using banks to finance working capital (% of firms),IC.FRM.BKWC.ZS,,,,,,,,,,,,,,,,,,,,,,,,,,,,,,,,,,,,,,,,,,,,,,,,,,2.60000000000000E+00,,,,,,
Togo,TGO,Firms using banks to finance investment (% of firms),IC.FRM.BNKS.ZS,,,,,,,,,,,,,,,,,,,,,,,,,,,,,,,,,,,,,,,,,,,,,,,,,,1.69000000000000E+01,,,,,,
Togo,TGO,Firms using banks to finance working capital (% of firms),IC.FRM.BKWC.ZS,,,,,,,,,,,,,,,,,,,,,,,,,,,,,,,,,,,,,,,,,,,,,,,,,,1.69000000000000E+01,,,,,,
Tonga,TON,Firms using banks to finance investment (% of firms),IC.FRM.BNKS.ZS,,,,,,,,,,,,,,,,,,,,,,,,,,,,,,,,,,,,,,,,,,,,,,,,,,3.39000000000000E+01,,,,,,
Tonga,TON,Firms using banks to finance working capital (% of firms),IC.FRM.BKWC.ZS,,,,,,,,,,,,,,,,,,,,,,,,,,,,,,,,,,,,,,,,,,,,,,,,,,3.00000000000000E+00,,,,,,
Trinidad and Tobago,TTO,Firms using banks to finance investment (% of firms),IC.FRM.BNKS.ZS,,,,,,,,,,,,,,,,,,,,,,,,,,,,,,,,,,,,,,,,,,,,,,,,,,,3.67000000000000E+01,,,,,
Trinidad and Tobago,TTO,Firms using banks to finance working capital (% of firms),IC.FRM.BKWC.ZS,,,,,,,,,,,,,,,,,,,,,,,,,,,,,,,,,,,,,,,,,,,,,,,,,,,6.38000000000000E+01,,,,,
Tunisia,TUN,Firms using banks to finance investment (% of firms),IC.FRM.BNKS.ZS,,,,,,,,,,,,,,,,,,,,,,,,,,,,,,,,,,,,,,,,,,,,,,,,,,,,,,2.29000000000000E+01,,
Tunisia,TUN,Firms using banks to finance working capital (% of firms),IC.FRM.BKWC.ZS,,,,,,,,,,,,,,,,,,,,,,,,,,,,,,,,,,,,,,,,,,,,,,,,,,,,,,4.47000000000000E+01,,
Turkey,TUR,Firms using banks to finance investment (% of firms),IC.FRM.BNKS.ZS,,,,,,,,,,,,,,,,,,,,,,,,,,,,,,,,,,,,,,,,,,,1.28000000000000E+01,,1.48000000000000E+01,3.26000000000000E+01,,,5.19000000000000E+01,,,,,4.42000000000000E+01,,
Turkey,TUR,Firms using banks to finance working capital (% of firms),IC.FRM.BKWC.ZS,,,,,,,,,,,,,,,,,,,,,,,,,,,,,,,,,,,,,,,,,,,1.05000000000000E+01,,1.88000000000000E+01,3.68000000000000E+01,,,,,,,,4.24000000000000E+01,,
Turkmenistan,TKM,Firms using banks to finance investment (% of firms),IC.FRM.BNKS.ZS,,,,,,,,,,,,,,,,,,,,,,,,,,,,,,,,,,,,,,,,,,,,,,,,,,,,,,,,
Turkmenistan,TKM,Firms using banks to finance working capital (% of firms),IC.FRM.BKWC.ZS,,,,,,,,,,,,,,,,,,,,,,,,,,,,,,,,,,,,,,,,,,,,,,,,,,,,,,,,
Turks and Caicos Islands,TCA,Firms using banks to finance investment (% of firms),IC.FRM.BNKS.ZS,,,,,,,,,,,,,,,,,,,,,,,,,,,,,,,,,,,,,,,,,,,,,,,,,,,,,,,,
Turks and Caicos Islands,TCA,Firms using banks to finance working capital (% of firms),IC.FRM.BKWC.ZS,,,,,,,,,,,,,,,,,,,,,,,,,,,,,,,,,,,,,,,,,,,,,,,,,,,,,,,,
Tuvalu,TUV,Firms using banks to finance investment (% of firms),IC.FRM.BNKS.ZS,,,,,,,,,,,,,,,,,,,,,,,,,,,,,,,,,,,,,,,,,,,,,,,,,,,,,,,,
Tuvalu,TUV,Firms using banks to finance working capital (% of firms),IC.FRM.BKWC.ZS,,,,,,,,,,,,,,,,,,,,,,,,,,,,,,,,,,,,,,,,,,,,,,,,,,,,,,,,
Uganda,UGA,Firms using banks to finance investment (% of firms),IC.FRM.BNKS.ZS,,,,,,,,,,,,,,,,,,,,,,,,,,,,,,,,,,,,,,,,,,,,,,,7.70000000000000E+00,,,,,,,8.10000000000000E+00,,
Uganda,UGA,Firms using banks to finance working capital (% of firms),IC.FRM.BKWC.ZS,,,,,,,,,,,,,,,,,,,,,,,,,,,,,,,,,,,,,,,,,,,,,,,1.40000000000000E+01,,,,,,,2.14000000000000E+01,,
Ukraine,UKR,Firms using banks to finance investment (% of firms),IC.FRM.BNKS.ZS,,,,,,,,,,,,,,,,,,,,,,,,,,,,,,,,,,,,,,,,,,,8.40000000000000E+00,,,2.50000000000000E+01,,,3.21000000000000E+01,,,,,3.03000000000000E+01,,
Ukraine,UKR,Firms using banks to finance working capital (% of firms),IC.FRM.BKWC.ZS,,,,,,,,,,,,,,,,,,,,,,,,,,,,,,,,,,,,,,,,,,,1.49000000000000E+01,,,2.73000000000000E+01,,,,,,,,1.48000000000000E+01,,
United Arab Emirates,ARE,Firms using banks to finance investment (% of firms),IC.FRM.BNKS.ZS,,,,,,,,,,,,,,,,,,,,,,,,,,,,,,,,,,,,,,,,,,,,,,,,,,,,,,,,
United Arab Emirates,ARE,Firms using banks to finance working capital (% of firms),IC.FRM.BKWC.ZS,,,,,,,,,,,,,,,,,,,,,,,,,,,,,,,,,,,,,,,,,,,,,,,,,,,,,,,,
United Kingdom,GBR,Firms using banks to finance investment (% of firms),IC.FRM.BNKS.ZS,,,,,,,,,,,,,,,,,,,,,,,,,,,,,,,,,,,,,,,,,,,,,,,,,,,,,,,,
United Kingdom,GBR,Firms using banks to finance working capital (% of firms),IC.FRM.BKWC.ZS,,,,,,,,,,,,,,,,,,,,,,,,,,,,,,,,,,,,,,,,,,,,,,,,,,,,,,,,
United States,USA,Firms using banks to finance investment (% of firms),IC.FRM.BNKS.ZS,,,,,,,,,,,,,,,,,,,,,,,,,,,,,,,,,,,,,,,,,,,,,,,,,,,,,,,,
United States,USA,Firms using banks to finance working capital (% of firms),IC.FRM.BKWC.ZS,,,,,,,,,,,,,,,,,,,,,,,,,,,,,,,,,,,,,,,,,,,,,,,,,,,,,,,,
Uruguay,URY,Firms using banks to finance investment (% of firms),IC.FRM.BNKS.ZS,,,,,,,,,,,,,,,,,,,,,,,,,,,,,,,,,,,,,,,,,,,,,,,6.90000000000000E+00,,,,1.37000000000000E+01,,,,,
Uruguay,URY,Firms using banks to finance working capital (% of firms),IC.FRM.BKWC.ZS,,,,,,,,,,,,,,,,,,,,,,,,,,,,,,,,,,,,,,,,,,,,,,,2.06000000000000E+01,,,,2.64000000000000E+01,,,,,
Uzbekistan,UZB,Firms using banks to finance investment (% of firms),IC.FRM.BNKS.ZS,,,,,,,,,,,,,,,,,,,,,,,,,,,,,,,,,,,,,,,,,,,1.40000000000000E+00,0.00000000000000E+00,,8.20000000000000E+00,,,8.20000000000000E+00,,,,,1.61000000000000E+01,,
Uzbekistan,UZB,Firms using banks to finance working capital (% of firms),IC.FRM.BKWC.ZS,,,,,,,,,,,,,,,,,,,,,,,,,,,,,,,,,,,,,,,,,,,2.70000000000000E+00,2.00000000000000E+00,,1.50000000000000E+01,,,,,,,,1.31000000000000E+01,,
Vanuatu,VUT,Firms using banks to finance investment (% of firms),IC.FRM.BNKS.ZS,,,,,,,,,,,,,,,,,,,,,,,,,,,,,,,,,,,,,,,,,,,,,,,,,,4.14000000000000E+01,,,,,,
Vanuatu,VUT,Firms using banks to finance working capital (% of firms),IC.FRM.BKWC.ZS,,,,,,,,,,,,,,,,,,,,,,,,,,,,,,,,,,,,,,,,,,,,,,,,,,3.32000000000000E+01,,,,,,
Vietnam,VNM,Firms using banks to finance investment (% of firms),IC.FRM.BNKS.ZS,,,,,,,,,,,,,,,,,,,,,,,,,,,,,,,,,,,,,,,,,,,,,,,,,,2.15000000000000E+01,,,,,,
Vietnam,VNM,Firms using banks to finance working capital (% of firms),IC.FRM.BKWC.ZS,,,,,,,,,,,,,,,,,,,,,,,,,,,,,,,,,,,,,,,,,,,,,,,,,,4.70000000000000E+01,,,,,,
Virgin Islands (U.S.),VIR,Firms using banks to finance investment (% of firms),IC.FRM.BNKS.ZS,,,,,,,,,,,,,,,,,,,,,,,,,,,,,,,,,,,,,,,,,,,,,,,,,,,,,,,,
Virgin Islands (U.S.),VIR,Firms using banks to finance working capital (% of firms),IC.FRM.BKWC.ZS,,,,,,,,,,,,,,,,,,,,,,,,,,,,,,,,,,,,,,,,,,,,,,,,,,,,,,,,
West Bank and Gaza,WBG,Firms using banks to finance investment (% of firms),IC.FRM.BNKS.ZS,,,,,,,,,,,,,,,,,,,,,,,,,,,,,,,,,,,,,,,,,,,,,,,4.20000000000000E+00,,,,,,,9.90000000000000E+00,,
West Bank and Gaza,WBG,Firms using banks to finance working capital (% of firms),IC.FRM.BKWC.ZS,,,,,,,,,,,,,,,,,,,,,,,,,,,,,,,,,,,,,,,,,,,,,,,1.42000000000000E+01,,,,,,,1.12000000000000E+01,,
Zambia,ZMB,Firms using banks to finance investment (% of firms),IC.FRM.BNKS.ZS,,,,,,,,,,,,,,,,,,,,,,,,,,,,,,,,,,,,,,,,,,,,,,,,1.02000000000000E+01,,,,,,1.22000000000000E+01,,
Zambia,ZMB,Firms using banks to finance working capital (% of firms),IC.FRM.BKWC.ZS,,,,,,,,,,,,,,,,,,,,,,,,,,,,,,,,,,,,,,,,,,,,,,,,1.50000000000000E+01,,,,,,9.90000000000000E+00,,
Zimbabwe,ZWE,Firms using banks to finance investment (% of firms),IC.FRM.BNKS.ZS,,,,,,,,,,,,,,,,,,,,,,,,,,,,,,,,,,,,,,,,,,,,,,,,,,,,1.31000000000000E+01,,,,
Zimbabwe,ZWE,Firms using banks to finance working capital (% of firms),IC.FRM.BKWC.ZS,,,,,,,,,,,,,,,,,,,,,,,,,,,,,,,,,,,,,,,,,,,,,,,,,,,,1.28000000000000E+01,,,,
